Year,City,YP_Section,Name,Address,Cuisine
2001,Scarborough,Grocery-Retail,al-ittihad halal meat & groc,1801 lawrence av e,
2001,Scarborough,Grocery-Retail,al mubrak halal meat,2183 lawrence e,
2001,Scarborough,Grocery-Retail,al-quresh foods,1879 lawerence av e,ethnic
2001,Scarborough,Grocery-Retail,alamin halal meat,1977 Lawrence Av E,
2001,Scarborough,Grocery-Retail,bamburgh food mart,355 bamburgh cir,
2001,Scarborough,Grocery-Retail,best buy west indian store,2400 eglinton,
2001,Scarborough,Grocery-Retail,bombay bazaar,3601 lawrence av e,south asian
2001,Scarborough,Grocery-Retail,caribbean & oriental specialty mart,1170 Morningside Av,ethnic
2001,Scarborough,Grocery-Retail,chankanai market inc,2800 eglinton,sri lankan
2001,Scarborough,Grocery-Retail,ganesha spicy mart,3743 lawrence av e,south asian
2001,Scarborough,Grocery-Retail,india town food & spices,641 markham rd,indian
2001,Scarborough,Grocery-Retail,indian groceries & spices,1983 lawrence av e,indian
2001,Scarborough,Grocery-Retail,maihan  grocery store,462 birchmount,
2001,Scarborough,Grocery-Retail,mirch masal groceries inc,318 painted post dr,south asian
2001,Scarborough,Grocery-Retail,mohammad halal meat & grocery,3226 eglinton,
2001,Scarborough,Grocery-Retail,nasr foods inc,1996 lawrence av e,
2001,Scarborough,Grocery-Retail,ontario halal meat & groceries,4402 kingston rd,
2001,Scarborough,Grocery-Retail,poombhuhar traders inc,2190 Warden Av ,south asian
2001,Scarborough,Grocery-Retail,prasad caribbean & oriental specialty,5815 sheppard av e,ethnic
2001,Scarborough,Grocery-Retail,prem grocerie fish & meat,3857 lawrence av e,
2001,Scarborough,Grocery-Retail,priya supermarket,2304 eglinton av e,ethnic
2001,Scarborough,Grocery-Retail,royal kerala foods,1158 warden,indian
2001,Scarborough,Grocery-Retail,sankar international,2425 eglinton e,ethnic
2001,Scarborough,Grocery-Retail,saravana's market,1023 markham rd,ethnic
2001,Scarborough,Grocery-Retail,siraj halal meat & grocery,840 danforth,
2001,Scarborough,Grocery-Retail,spice town and halal meat store,3258 lawrence av e,
2001,Scarborough,Grocery-Retail,super bazar,1505 birchmount,ethnic
2001,Scarborough,Grocery-Retail,zabeeha meat & grocery,1536 warden,
2001,Scarborough,Grocery-Whole,halal meat & super market,234 markham rd,
2001,Scarborough,Grocery-Retail,A K Variety,221 Kennedy Rd,
2001,Scarborough,Grocery-Retail,Akkad Halal Meat & Groceries,1885 Lawrence Av,
2001,Scarborough,Grocery-Retail,Al-Mumtaz Butt Foods,14 Tower Dr,ethnic
2001,Scarborough,Grocery-Retail,Alberto Grocery & Vegetable Store,472 Sammon Av,
2001,Scarborough,Grocery-Retail,Big Land Farm Milliken Ltd,17 Milliken Blvd,
2001,Scarborough,Grocery-Retail,Charley's West Indian Foods Ltd,1170 Morningside Av,
2001,Scarborough,Grocery-Retail,Charry's Fine Foods,1071 Danforth Rd,
2001,Scarborough,Grocery-Retail,City Super Market,3330 Pharmacy Av,
2001,Scarborough,Grocery-Retail,Cliffcrest Foodtown Limited,2989 Kingston Rd,
2001,Scarborough,Grocery-Retail,Constant Spring Market,731 Kennedy Rd,
2001,Scarborough,Grocery-Retail,Duxcan Import & Export Inc,100 McLevin Av,
2001,Scarborough,Grocery-Retail,East End Tropical Market,4520 Kingston Rd,
2001,Scarborough,Grocery-Retail,Iwok Supermarket,2300 Lawrence Av E,
2001,Scarborough,Grocery-Retail,King of Samosa Take Out Groceries,283 Morningside Av,south asian
2001,Scarborough,Grocery-Retail,King's Variety,4280 Kingston Rd,
2001,Scarborough,Grocery-Retail,Kingston Market,4379 Kingston Rd Scrb,
2001,Scarborough,Grocery-Retail,Lamshing Company,4211 Sheppard Av E,
2001,Scarborough,Grocery-Retail,Lillies Tropical Food ,202 Markham Rd,
2001,Scarborough,Grocery-Retail,M & J Variety Latin American & Caribbean Food,1352 Kennedy Rd,
2001,Scarborough,Grocery-Retail,M & M Filipino Foodmart,80 Ellsmere Rd,
2001,Scarborough,Grocery-Retail,Marsan Foods Ltd,46 Modern Rd,
2001,Scarborough,Grocery-Retail,Minaz's Markham Market Place,2826 Markham Rd,ethnic
2001,Scarborough,Grocery-Retail,Mr Grocer,123 Guildwood Pkway,
2001,Scarborough,Grocery-Retail,Ohmsiva Trading,3852 Finch Av E,ethnic
2001,Scarborough,Grocery-Retail,Ontargo Ltd,4168 Finch Av E,
2001,Scarborough,Grocery-Retail,Pombhuhar Traders Inc,2190 Warden Av ,south asian
2001,Scarborough,Grocery-Retail,Puspa Trading Company,1221 Markham Rd,
2001,Scarborough,Grocery-Retail,Rubini East & West Indian Food Market,31 Tapscott Rd ,ethnic
2001,Scarborough,Grocery-Retail,S T Agincourt Variety,4134 Sheppard Av E,
2001,Scarborough,Grocery-Retail,Saadat Foods,2653 Eglinton Av E,ethnic
2001,Scarborough,Grocery-Retail,Sak's Fine Food,1677 O'Connor Dr,
2001,Scarborough,Grocery-Retail,Scarborough Zabeeha Meat & Grocery Supplies,4800 Sheppard Av E,ethnic
2001,Scarborough,Grocery-Retail,Serendip Fresh Market,2633 Eglinton Av E,
2001,Scarborough,Grocery-Retail,Solas Market,2588 Birchmount Rd,
2001,Scarborough,Grocery-Retail,Super Shiraz ,1977 Lawrence Av E,ethnic
2001,Scarborough,Grocery-Retail,Surag Fine Foods,11 Ivy Bush Av,
2001,Scarborough,Grocery-Retail,Taj Supermarket,400 Sewells Rd,indian
2001,Scarborough,Grocery-Retail,Uni Food Market,4466 Sheppard Av E,
2001,Scarborough,Grocery-Retail,Video & Filipino Food Mart,80 Ellesmere Rd,
2001,Scarborough,Grocery-Retail,West Indian Groceries & Take Out,1872 Kennedy Rd,
2001,Scarborough,Grocery-Retail,Yarlton,2104 Bridletowne Cir,
2001,Scarborough,Grocery-Retail,Yoga's,733 Kennedy Rd,
2001,Scarborough,Grocery-Retail,Yousaf Halal Meat,551 Markham Rd,
2001,Scarborough,Grocery-Retail,Zain's,11 Ivy Bush Av,ethnic
2001,Scarborough,Grocery-Retail,Zee India Ltd,746 Markham Rd,indian
2001,Scarborough,Grocery-Whole,Club Presentations,1411 Warden Av,
2001,Scarborough,Grocery-Whole,Kingfresh Trading Ltd,75 Milliken Blvd,
2001,Scarborough,Grocery-Whole,Kingsdale Trading Co Ltd,77 Milliken Blvd,
2001,Scarborough,Grocery-Whole,Mateen Food,4800 Sheppard Av E,ethnic
2001,Scarborough,Grocery-Whole,Wing May Trading Co Ltd,60 Weybright Crt,
2001,Scarborough,Grocery-Whole,Wong's Food Trading Co,63 Silver Star Blvd,
2001,Scarborough,Restaurants,A 1 Sweets Restaurant,3300 McNeill Av,
2001,Scarborough,Restaurants,A C R Hot Roti & Doubles,2680 Lawrence Av ,
2001,Scarborough,Restaurants,A&W Area Restaurants,825 Middlefield Rd,
2001,Scarborough,Restaurants,Ackee Tree Restaurant,331 Glendower Circuit ,
2001,Scarborough,Restaurants,Ali Baba Cafe & Restaurant,1601 Birchmount Rd,
2001,Scarborough,Restaurants,All Star Bar & Eatery,4170 Kingston Rd,
2001,Scarborough,Restaurants,Angie's,2647 Eglinton Av,
2001,Scarborough,Restaurants,Appleby's Sports Bar & Grill,2787 Eglinton Av E,
2001,Scarborough,Restaurants,Apsharas Restaurant,2778 Kennedy Rd,indian
2001,Scarborough,Restaurants,Arkadia House,2007 Eglinton Av E,
2001,Scarborough,Restaurants,Bagel Basket,2834 Markham Rd,
2001,Scarborough,Restaurants,Bamboo De Chine Restaurant,2950 Birchmont Rd,
2001,Scarborough,Restaurants,Bangkok Thai Food,448 Kennedy Rd,
2001,Scarborough,Restaurants,Barrio Fiesta,19 Lapsley Rd,
2001,Scarborough,Restaurants,Bento Box Japanese Fast Food,3850 Finch Av E,
2001,Scarborough,Restaurants,Birchmount Country Bar & Cactus Pete's,462 Birchmount Rd Scrb,
2001,Scarborough,Restaurants,Better Tastes Food Service,4188 Finch Av,
2001,Scarborough,Restaurants,Big Pete's Restaurant & Bar,3406 Kingston Rd,
2001,Scarborough,Restaurants,Bo-Peep (Original) Family Restaurant & Catering Ltd,2277 Kingston Rd,
2001,Scarborough,Restaurants,Bombay Palace ,795 Markham Rd,indian
2001,Scarborough,Restaurants,Boomers Bar & Grill,1347 Danforth,
2001,Scarborough,Restaurants,Boston Steak House,4433 Sheppard Av E,
2001,Scarborough,Restaurants,Burger King,10 Eglinton Av E,
2001,Scarborough,Restaurants,Burger King,740 Ellesmere Rd,
2001,Scarborough,Restaurants,Burger King,415 Danforth Rd,
2001,Scarborough,Restaurants,By The Bluffs Dining & Catering,3081 Kingston Rd,
2001,Scarborough,Restaurants,C J's Donuts & Diner,590 Ellesmere Rd,
2001,Scarborough,Restaurants,CJ's Grill,1269 Danforth Rd,
2001,Scarborough,Restaurants,Cafe Locker,2425 Eglinton Av,
2001,Scarborough,Restaurants,Canadian Chicken Hut,3 579 Sheppard Av E,
2001,Scarborough,Restaurants,Canton Karoake Lounge,4810 Sheppard Av E,
2001,Scarborough,Restaurants,Caribbean Flavour Restaurant and Bar Inc,880 Ellesmere Rd,
2001,Scarborough,Restaurants,Chandra's Take Out Restaurant & Catering,201 Markham Rd,
2001,Scarborough,Restaurants,Channaman's Caribbean Corner,2480 Eglinton Av E,
2001,Scarborough,Restaurants,Chester Fried Chicken ,1160 Morningside Av,
2001,Scarborough,Restaurants,Casey's Bar & Grill,10 Lebovic Av,
2001,Scarborough,Restaurants,Central Restaurant,2845 Lawrence Av,
2001,Scarborough,Restaurants,Chicken & Noodles Chinese Restaurant,1 Glen Watford Dr,
2001,Scarborough,Restaurants,China Cottage Restaurant Inc,11 80 Ellesmere Rd,
2001,Scarborough,Restaurants,China Delights Take Out Chinese Food,2950 Kennedy Rd,
2001,Scarborough,Restaurants,China Express,8 Glen Watford Dr,
2001,Scarborough,Restaurants,Chinese Hut Resaurant,1876 Kennedy Rd,
2001,Scarborough,Restaurants,Chopstick Foods,3300 Danforth Av,
2001,Scarborough,Restaurants,Cho's Wok Restaurant,2500 Eglinton Av,
2001,Scarborough,Restaurants,Christina's Ristorante,492 Danforth Av,
2001,Scarborough,Restaurants,Congee King Restaurant,4271 Sheppard Av E,
2001,Scarborough,Restaurants,Corner Diner,670 Coronation Dr,
2001,Scarborough,Restaurants,Country Style Chicken & Pizza Halal,4865 Sheppard Av E,
2001,Scarborough,Restaurants,Crown & Cushion West Indian Takeout,31 Tapscott Rd,
2001,Scarborough,Restaurants,Cultures Fresh Food Restaurants,731 300 Borough Dr,
2001,Scarborough,Restaurants,D & R Wing's Restaurant,325 Bamburgh Cir,
2001,Scarborough,Restaurants,Daallo Restaurant,685 Kennedy Rd,
2001,Scarborough,Restaurants,Dick'N Jane Chicken & Shrimp,2131 Lawrence Av E,
2001,Scarborough,Restaurants,D'Iron Pot Caribbean Take-Out,2854 Ellesmere Rd,
2001,Scarborough,Restaurants,Darlyn's Restaurant,1154 Morningside Av,
2001,Scarborough,Restaurants,Daybreak Restaurant,4016 Finch Av E,
2001,Scarborough,Restaurants,Donuts & Fast Foods,3261 Kennedy Rd,
2001,Scarborough,Restaurants,Eagledance Restaurant,5005 Steeles Av E,
2001,Scarborough,Restaurants,East Court BBQ,25 Glen Watford Dr ,
2001,Scarborough,Restaurants,East Side Mario's,12 Lebovic Av,
2001,Scarborough,Restaurants,Eastown Restaurant & Banquet Halls,2648 Eglinton Av E,
2001,Scarborough,Restaurants,Echo Buffet Restaurant,3591 Sheppard Av E,
2001,Scarborough,Restaurants,Eden Resaurant,22 4186 Finch Av E,
2001,Scarborough,Restaurants,Elegant Chinese Cuisine,3833 Midland Av,
2001,Scarborough,Restaurants,Elegantview Chinese Restaurant,3601 Victoria Park Av,
2001,Scarborough,Restaurants,Ellas Restaurants Banquets & Catering,35 Danforth Rd,
2001,Scarborough,Restaurants,Enmore Restaurant,2528 Eglinton Av E,
2001,Scarborough,Restaurants,Excellent Cafe,3850 Finch Av E,
2001,Scarborough,Restaurants,Fantasy Eatery,3320 Midland Av,
2001,Scarborough,Restaurants,Farhat Restaurant,2020 Lawrence Av E,ethnic
2001,Scarborough,Restaurants,Fast Wagon West Indian Take Out,461 Pharmacy Av,
2001,Scarborough,Restaurants,Fishermans Paradise,7 Brimely Rd S Scrb,
2001,Scarborough,Restaurants,Flipper's Fish House,2300 Lawrence Av E,
2001,Scarborough,Restaurants,Fortune Stone Express,355 Bamburgh Circle,
2001,Scarborough,Restaurants,Fossil & Haggas Pub & Grub,790 Military Tr ,
2001,Scarborough,Restaurants,From Dusk'Til Dawn Cafe Lounge,1940 Eglinton Av E,
2001,Scarborough,Restaurants,Full House Congee & Noodle,4188 Finch Av E,
2001,Scarborough,Restaurants,G In Restaurant,4186 Finch Av,
2001,Scarborough,Restaurants,Gasa Restaurant,2950 Kennedy Rd,
2001,Scarborough,Restaurants,Gaumont Restaurant & Bar,3049 Kingston Rd,
2001,Scarborough,Restaurants,Gerhard's Cafe,1085 Bellamy Rd N,
2001,Scarborough,Restaurants,Gnanakuru Take Out Restaurant & Catering Inc,2800 Eglington Av E,
2001,Scarborough,Restaurants,Gold Ribbom Bakery Caf & Take-Out,3477 Kennedy Rd,
2001,Scarborough,Restaurants,Golden Good's Co Ltd,19 Miliken Blvd,
2001,Scarborough,Restaurants,Golden Griddle Family Restaurants,10 Milner Business Court,
2001,Scarborough,Restaurants,Golden Griddle Family Restaurants,3090 Eglinton Av E,
2001,Scarborough,Restaurants,Golden Seven Chinese Cuisine,3309 Sheppard Av E,
2001,Scarborough,Restaurants,Good Luck Chinese Restaurant,2432 Eglinton Av E,
2001,Scarborough,Restaurants,Goodins Noodle House,23 Glen Watford Dr,
2001,Scarborough,Restaurants,Goodness Sole Food,4045 Sheppard Av E ,
2001,Scarborough,Restaurants,Gramps & Elaine Roti Place Restaurant,3095 Eglinton Av E,
2001,Scarborough,Restaurants,Greek Odyssey ,1415 Kennedy Rd,
2001,Scarborough,Restaurants,Green Bamboo Restaurant,4219 Sheppard Av E,
2001,Scarborough,Restaurants,Green Island Cuisine,30 Dean Park Rd,
2001,Scarborough,Restaurants,Halal Pizza & Chicken,3160 Eglinton Av E,
2001,Scarborough,Restaurants,Halina,2950 Kennedy Rd Scrb,
2001,Scarborough,Restaurants,Han Kang Restaurant,3113 Sheppard Av E,
2001,Scarborough,Restaurants,Hanway Restaurant Equiptment Contracting,31 Melford Dr,
2001,Scarborough,Restaurants,Happy Wok,2301 Brimley Rd,
2001,Scarborough,Restaurants,Ho Ho BBQ ,3833 Midland Av,
2001,Scarborough,Restaurants,Home Burger ,1 Centrest Scrb,
2001,Scarborough,Restaurants,Hong Far HK Cafe,25 Glen Watford Dr,
2001,Scarborough,Restaurants,Hong Kong Express,1571 Sandhurst Cir,
2001,Scarborough,Restaurants,Hopper Hut,880 Ellesmere Rd,
2001,Scarborough,Restaurants,Hot Pot City Chinese Restaurant,3280 Midland Av,
2001,Scarborough,Restaurants,Huai Hai Restaurant,1883 McNicoll Av,
2001,Scarborough,Restaurants,Ichiban Fish Market,3517 Kennedy Rd,
2001,Scarborough,Restaurants,Inclined Restaurant,1375 Danforth Rd,
2001,Scarborough,Restaurants,Indie's Paradise,646 Danforth Rd,ethnic
2001,Scarborough,Restaurants,Indran Sweet,80 Nashdene,
2001,Scarborough,Restaurants,Ishiban Sushi House Japanese Restaurant,2301 Brimley Rd,
2001,Scarborough,Restaurants,Jack Astor's Bar and Grill,580 Progress Av,
2001,Scarborough,Restaurants,Jambo Restaurant,1939 Victoria Park Av,
2001,Scarborough,Restaurants,Jammie's Take-Out,3601 Lawrence Av E,
2001,Scarborough,Restaurants,Janatha Fine Foods,3255 Lawrence Av E,
2001,Scarborough,Restaurants,January's Restaurant & Tavern,678 Kennedy Rd,
2001,Scarborough,Restaurants,Jasmine Chinese Food Ltd,3850 Sheppard Av E,
2001,Scarborough,Restaurants,Jasmine Tea Chinese Food,1571 Sandhurst Circle,
2001,Scarborough,Restaurants,Jerk King Canada,4457 Kingston Rd,
2001,Scarborough,Restaurants,Joey Bravo's Italian Restaurant,4505 Sheppard Av E,
2001,Scarborough,Restaurants,Joey's Only Seafood Restaurant,65 Rylander Blvd,
2001,Scarborough,Restaurants,John Anderson Bar & Grill,561 Markham Rd,
2001,Scarborough,Restaurants,Johnny's Hamburgers,2595 Victoria Park Av,
2001,Scarborough,Restaurants,Johnny's Shawarma,1904 Kennedy Rd,
2001,Scarborough,Restaurants,Jolly Fast Food,4227 Sheppard Av E,
2001,Scarborough,Restaurants,Kally's Restaurants & Banquet Rooms,430 Nugget Av ,
2001,Scarborough,Restaurants,Ken Japanese Cuisine,4002 Sheppard Av E,
2001,Scarborough,Restaurants,Kiku Sushi Japanese Restaurant,209 Ellesmere Rd,
2001,Scarborough,Restaurants,Killerbees Bar & Grill,2800 Eglinton Av E,
2001,Scarborough,Restaurants,Kisoya Japanese Restaurant,9 Glen Watford Dr,
2001,Scarborough,Restaurants,Kitchen Corner,217 Morningside Av,
2001,Scarborough,Restaurants,La Petite Family Restaurant,223 Morrish Rd,
2001,Scarborough,Restaurants,Lara's Falafel,2555 Victoria Park Av,
2001,Scarborough,Restaurants,Libery Restaurant & Bar,2883 Lawrence Av E,
2001,Scarborough,Restaurants,Lighthouse Fish & Chips Restaurant,2577 Victoria Park Av,
2001,Scarborough,Restaurants,Little Bavaria Restaurant,3222 Eglinton Ave E,
2001,Scarborough,Restaurants,Lucky Lin's Restaurant Ince,226 Markham Rd,
2001,Scarborough,Restaurants,Made In Japan,133 Eglinton Sq,
2001,Scarborough,Restaurants,Made In Japan Teriyaki Experience,45 Milner Av,
2001,Scarborough,Restaurants,Mama's Falafel,1060 Kennedy Rd,
2001,Scarborough,Restaurants,Mandalay Restaurant,3478 Lawrence Av E,
2001,Scarborough,Restaurants,Mandarin Restaurant,2206 Eglinton Av E,
2001,Scarborough,Restaurants,Maple Garden,30 Dean Park Rd,
2001,Scarborough,Restaurants,Mr Greek Restaurants Inc,1957 Kennedy Rd,
2001,Scarborough,Restaurants,Miu Garden Restaurant,240 Alton Towers Cir,
2001,Scarborough,Restaurants,Montana's Cookhouse,41 Milner Av,
2001,Scarborough,Restaurants,Mummy House,25 Slan Av,
2001,Scarborough,Restaurants,Nasib's,1867 Lawrence Av E,ethnic
2001,Scarborough,Restaurants,New Classic Cantonese,355 Bamburgh Circle,
2001,Scarborough,Restaurants,New Seafood Chinese Restaurant,735 Middlefield Rd,
2001,Scarborough,Restaurants,New Sun BBQ Restaurant,3833 Midland Av,
2001,Scarborough,Restaurants,Newfoundlander Restaurant,472 Danforth Rd,
2001,Scarborough,Restaurants,Nicey's Take-Out,54a Morecambe Gate,
2001,Scarborough,Restaurants,Nick's Coffee Shop,2055 Kennedy Rd,
2001,Scarborough,Restaurants,Normans Gourmet Sandwich Shop,1921 Eglinton Ave E,
2001,Scarborough,Restaurants,O'Grady's Tap & Grill,2167 Victoria Park Av,
2001,Scarborough,Restaurants,Old Scott House,520 Progress Av,
2001,Scarborough,Restaurants,180 Degrees Restaurant,65 Rylander Blvd,
2001,Scarborough,Restaurants,Oriental Feast,1221 Markham Rd,
2001,Scarborough,Restaurants,P Jays Take-Out,2677 Kennedy Rd,
2001,Scarborough,Restaurants,P & L Food,4465 Sheppard Av E,
2001,Scarborough,Restaurants,Pak Centre,1079 Midland Av,pakistani
2001,Scarborough,Restaurants,Pakwanchi Restaurant,2245 Kennedy Rd,
2001,Scarborough,Restaurants,Papa Sam's Burgers,1842 Lawrence Av E,
2001,Scarborough,Restaurants,Pavilion Restaurant Bar & Club,885 Progress Av,
2001,Scarborough,Restaurants,Perfect Chinese Restaurant Ltd,4386 Sheppard Av E,
2001,Scarborough,Restaurants,Perfect Filipino Style Lechon,8 Glen Watford Dr,
2001,Scarborough,Restaurants,Peter The Fisherman,3227 Eglinton Av E,
2001,Scarborough,Restaurants,Peter's Fine Dining,5701 Hwy 7,
2001,Scarborough,Restaurants,Pho So 1 Vietnamese Restaurant,2347 Kennedy Rd,
2001,Scarborough,Restaurants,Pilly's Island Foods,1812 Pharmacy Av,
2001,Scarborough,Restaurants,Pizza-Landia,2 Greystone Walk Dr,
2001,Scarborough,Restaurants,Purdy's Restaurant & Pub,6091 Kingston Rd,
2001,Scarborough,Restaurants,Qiang Kee Congee & Noodles,4192 Sheppard Av E,
2001,Scarborough,Restaurants,R & J Cafe Ltd,3833 Midland Av,
2001,Scarborough,Restaurants,Rafferty's ,2575 Eglinton Av E,
2001,Scarborough,Restaurants,Rani's Taste of India,31 Tapscott Rd ,india
2001,Scarborough,Restaurants,Remeley's Takeout & Catering Service,4830 Sheppard Av E,
2001,Scarborough,Restaurants,Remezzo Italian Bistro,3335 Sheppard Av E,
2001,Scarborough,Restaurants,Robin Roti Place,4138 Sheppard Av E,
2001,Scarborough,Restaurants,Roti Boys,3007 Sheppard Av E,
2001,Scarborough,Restaurants,Roti Hut,351 Pitfield Rd,
2001,Scarborough,Restaurants,Roti & Pelau,15 Lapsley Rd,
2001,Scarborough,Restaurants,Roti Supreme West Indian Restaurant,2797 Eglinton Ave E,
2001,Scarborough,Restaurants,Royal Queen Restaurant,3150 Eglinton Av E,
2001,Scarborough,Restaurants,Ruby Chinese Restaurant Ltd,1571 Sandhurst Circle,
2001,Scarborough,Restaurants,Rural Restaurant,8 Glen Watford Dr,
2001,Scarborough,Restaurants,Sadaghat Restaurant,3342 Danforth Av,ethnic
2001,Scarborough,Restaurants,Sam Woo Seafood Restaurant,325 Bamburgh Cir,
2001,Scarborough,Restaurants,Scarborough Grand Chinese Restaurant,1 Benvenuto Place,
2001,Scarborough,Restaurants,Scarborough Palace Restaurant,3256 Lawrence Av E,
2001,Scarborough,Restaurants,Seventh Heaven Fast Food,2301 Brimley Rd,
2001,Scarborough,Restaurants,Shoeless Joe's,1891 Kennedy Rd,
2001,Scarborough,Restaurants,Shoeless Joe's Scarborough,20 Milner Business Court,
2001,Scarborough,Restaurants,Shot House Pub,1880 Kennedy Rd,
2001,Scarborough,Restaurants,Silver Spoon Restaurant,1548 Warden Ave,
2001,Scarborough,Restaurants,Six Happiness Restaurant,58 Redlea Av,
2001,Scarborough,Restaurants,Soul Food Temptation,2 4387 Kingston Rd ,
2001,Scarborough,Restaurants,Sports Centre Cafe,2753 Eglinton Av E,
2001,Scarborough,Restaurants,Sticks Restaurant Inc,2816 Markham Rd ,
2001,Scarborough,Restaurants,Sun Fai Fast Food,3 Glen Watford Dr,
2001,Scarborough,Restaurants,Sun Set Hut Caribbean Ital Takeout Food,741 Pharmacy Av,
2001,Scarborough,Restaurants,Sun Tung Shing Restaurant,4168 Finch Av E,
2001,Scarborough,Restaurants,Sunrise Restaurant Corp,4286 Kingston Rd,
2001,Scarborough,Restaurants,Sunshine Cafe Bar & Grill,3730 Kingston Rd,
2001,Scarborough,Restaurants,Super Choy Restaurant,2825 Kingston Rd,
2001,Scarborough,Restaurants,Super Sushi House,1891 Kennedy Rd,
2001,Scarborough,Restaurants,Sushi Central Japanese Restaurant,4188 Finch Ave E,
2001,Scarborough,Restaurants,Sushi-Q,3580 McNicoll Av,
2001,Scarborough,Restaurants,Sweet Dreams Karaoke Restaurant,1001 Sandhurst Cir,
2001,Scarborough,Restaurants,Sylvan's Restaurant,2625 Eglinton Av E,
2001,Scarborough,Restaurants,T-Bones Sizzling Steaks & Burgers Drive-In Restaurant,2540 Eglinton Av E,
2001,Scarborough,Restaurants,Tapp's Restaurant,5630 Finch Av E,
2001,Scarborough,Restaurants,Tara Inn,2365 Kingston Rd,
2001,Scarborough,Restaurants,Taya's Family Restaurant ,2260 Birchmount Rd,
2001,Scarborough,Restaurants,Tazz West Indian Cuisine,4567 Sheppard Av E,
2001,Scarborough,Restaurants,Tex's Grill,91 Rylander Blvd,
2001,Scarborough,Restaurants,The Friendly Greek,4410 Kingston Rd,
2001,Scarborough,Restaurants,The Great Steak & Potato Co,2 300 Borough Dr Scrb,
2001,Scarborough,Restaurants,The Olde Stone Cottage & Patio,3750 Kingston Rd,
2001,Scarborough,Restaurants,The Royal Chinese Restaurant,4128 Sheppard Av E,
2001,Scarborough,Restaurants,Timehri Restaurant Inc,4531 Sheppard Av E,
2001,Scarborough,Restaurants,Tradewinds Restaurant & Sports Bar Inc,1067 Midland Av ,
2001,Scarborough,Restaurants,Triple A West Indian Take-Out,204 Markha Rd,
2001,Scarborough,Restaurants,Tugseys Fish And Grille,277 Port Union Rd,
2001,Scarborough,Restaurants,U & Me Restaurant,2347 Kennedy Rd,
2001,Scarborough,Restaurants,Umi Sushi Restaurant,4733 Steeles Ave E,
2001,Scarborough,Restaurants,Vic Hong Restaurant,4419 Sheppard Av E,
2001,Scarborough,Restaurants,Vietnam Noodle Star Ltd,4188 Finch Av E,
2001,Scarborough,Restaurants,Vincent's Spot,2496 Kingston Rd,
2001,Scarborough,Restaurants,Vishal Indian Take-Out And Restaurant,1911 Ellesmere Rd,indian
2001,Scarborough,Restaurants,Wendy's Restaurants Of Canada Inc,4228 Midland Av,
2001,Scarborough,Restaurants,Wimpys Diner,3555 St Clair Av E,
2001,Scarborough,Restaurants,Wimpys Diner,3559 St Clair Av E,
2001,Scarborough,Restaurants,Wobbley Pops Bar And Grill,4637 Kingston Rd,
2001,Scarborough,Restaurants,Zena's Diner & Catering,2703 Eglinton Av E,
2001,Scarborough,Restaurants,Zorba The Greek,85 Ellesmere Rd,
2001,Scarborough,Restaurants,Dairy Queen Canada Inc,1910 Kennedy Rd,
2001,Scarborough,Restaurants,Pearl Vegetarian Ltd,4080 Sheppard E,
1996,Scarborough,Restaurants,ABC Supermarket,4915 Steeles E,
1996,Scarborough,Restaurants,Al-Mustafa Halal Meat & Grocery Ltd,357 Pitfield,
1996,Scarborough,Restaurants,Al-quresh Foods,1879 Lawrence Av E,
1996,Scarborough,Restaurants,Allied Food Service,4500 Shepherd Av E,
1996,Scarborough,Restaurants,Al's Tropical Food Kin,1357 Danforth Rd,
1996,Scarborough,Restaurants,Anu Brothers Inc,267 Morningside,
1996,Scarborough,Restaurants,Asian Food And Video,1960 Lawrence Ac E,
1996,Scarborough,Restaurants,Avm Foodmart Convenience,1183 Victoria Park,
1996,Scarborough,Restaurants,Bamburgh Food Mart,355 Bamburgh Cir,
1996,Scarborough,Restaurants,Best Buy West Indian Store,2400 Eglinton E,
1996,Scarborough,Restaurants,Big Land Farms Milliken Ltd,17 Milliken ,
1996,Scarborough,Restaurants,Caribbean & Oriental Specialty Mart,1170 Morningside,"""East & West Indian"""
1996,Scarborough,Restaurants,Caribbean & Oriental Specialty Mart,15 Westney N,"""East & West Indian"""
1996,Scarborough,Restaurants,Centennial Market,285 Lawson,
1996,Scarborough,Restaurants,Cey-Nore Food Traders,80 Ellesmere,
1996,Scarborough,Restaurants,Charley's West Indian Foods Ltd,1646 Victoria Park,
1996,Scarborough,Restaurants,Charry's Fine Foods,1071 Danforth Rd,
1996,Scarborough,Restaurants,Chueng Sing Supermarket,2950 Birchmount,
1996,Scarborough,Restaurants,City Grocer's & Meats,2245 Kennedy,
1996,Scarborough,Restaurants,Cleopatra Groceries & Delicatessen,1169 Victoria Park,
1996,Scarborough,Restaurants,Cliffcrest Foodtown Limited,2989 Kingston Rd,
1996,Scarborough,Restaurants,Constant Spring Market,731 Kennedy,
1996,Scarborough,Restaurants,Corner Market,3075 Pharmacy Av,
1996,Scarborough,Restaurants,Daily Needs,2543 Pharmacy Av,
1996,Scarborough,Restaurants,Daisy Mart,4865 Sheppard Av E,
1996,Scarborough,Restaurants,Danny Convenience,2422 Kingston Rd,
1996,Scarborough,Restaurants,Deena Halal Meat & Grocery,2680 Lawrence Av E,
1996,Scarborough,Restaurants,Dominion Stores Inc,91 Rylander Bl,
1996,Scarborough,Restaurants,Dragon Centre Supermarket,23 Glen Watford Dr,
1996,Scarborough,Restaurants,Drymmy's Grocery Inc,3869 Lawrence Av E,
1996,Scarborough,Restaurants,East End Tropical Market,155 Morningside,
1996,Scarborough,Restaurants,El Zahra,1601 Birchmount,
1996,Scarborough,Restaurants,Eraaeraa Supermarket,2607 Eglinton E,
1996,Scarborough,Restaurants,Eterne Cash & Carry Company Ltd,3300 McNicoll,
1996,Scarborough,Restaurants,Evergreen Food Market,8 Glen Watford Dr,
1996,Scarborough,Restaurants,Family Food Fair Convenience,2680 Lawrence Av E,
1996,Scarborough,Restaurants,Fantastic Bill Trading Co,60 Melford Dr,
1996,Scarborough,Restaurants,Farah Grocer,3601 Lawrence Av E,
1996,Scarborough,Restaurants,Food Basics,250 Alton Towers Cir,
1996,Scarborough,Restaurants,Food For You,2349 Haines,
1996,Scarborough,Restaurants,Foodarama Supermarket,20 Slan,
1996,Scarborough,Restaurants,Friendly Supermarket,3280 Midland,
1996,Scarborough,Restaurants,G Prasad Caribbean & Oriental Specialty Foods Inc,5818 Sheppard Av E,
1996,Scarborough,Restaurants,Galati Brothers Supermarkets,3331 Sheppard Av E,
1996,Scarborough,Restaurants,Ganesha Spicy Mart,3743 Lawrence Av E,
1996,Scarborough,Restaurants,Grand Mart Cash & Carry Outlet,4466 Sheppard Av E,
1996,Scarborough,Restaurants,Greystone Food Market,6 Greystone Walk,
1996,Scarborough,Restaurants,Handy Supermart,790 Military Trl,
1996,Scarborough,Restaurants,Hasty Market,577 Birchmount,
1996,Scarborough,Restaurants,Heisei Mart,3325 Victoria Park,
1996,Scarborough,Restaurants,Henley Gardens Valu-Mart,1089 Kingston Rd,
1996,Scarborough,Restaurants,Highland Creek Supermarket,362 Old Kingston,
1996,Scarborough,Restaurants,Highland Farms Supermarkets,850 Ellesmere,
1996,Scarborough,Restaurants,Hyung Jae Food Market,3478 Lawrence Av E,
1996,Scarborough,Restaurants,India Town Food & Spices,641 Markham Rd,
1996,Scarborough,Restaurants,Indian Groceries & Spices,1983 Lawrence Av E,
1996,Scarborough,Restaurants,Jaffna Food & Variety,885 Progress,
1996,Scarborough,Restaurants,Johnvince Foods,2950 Eglinton E,
1996,Scarborough,Restaurants,Jubilee Grocers,1505 Birchmount,
1996,Scarborough,Restaurants,KWS Trading Inc,1571 Sandhurst Cir,
1996,Scarborough,Restaurants,Kashmir Food,1073 Midland Av,
1996,Scarborough,Restaurants,Katpakham,864 Markham Rd,
1996,Scarborough,Restaurants,King's Variety,4280 Kingston Rd,
1996,Scarborough,Restaurants,Kingston Market,4379 Kingston Rd,
1996,Scarborough,Restaurants,Kingston Rd Supermarket,2224 Kingston Rd,
1996,Scarborough,Restaurants,Knob Hill Farms Ltd,1900 Eglinton E,
1996,Scarborough,Restaurants,Kostas Meat Market,122 Ellesmere,
1996,Scarborough,Restaurants,Lamshing Company,4271 Sheppard Av E,
1996,Scarborough,Restaurants,Lebanon Foodmart,479 Kennedy Rd,
1996,Scarborough,Restaurants,Lourdes East & West,199 Markham Rd,
1996,Scarborough,Restaurants,Lucky Dollar Food Centre (East),6099 Kingston Rd,
1996,Scarborough,Restaurants,M&M Grocery,840 Danforth Rd,
1996,Scarborough,Restaurants,Man Ming Supermarket,4188 Finch E,
1996,Scarborough,Restaurants,Mee Wah,4134 Sheppard Av E,
1996,Scarborough,Restaurants,Milk City,3226 Eglinton E,
1996,Scarborough,Restaurants,Mini Food World,1472 Kingston Rd,
1996,Scarborough,Restaurants,Minochs Mini Mart,1151 Victoria Park,
1996,Scarborough,Restaurants,Miracle Food Mart,15 Ellesmere,
1996,Scarborough,Restaurants,Miracle Food Mart,5085 Sheppard Av E,
1996,Scarborough,Restaurants,Mr Discount,2821 Kingston Rd,
1996,Scarborough,Restaurants,Mr Grocer,123 Guildwood Pkwy,
1996,Scarborough,Restaurants,Nasr Foods Inc,1996 Lawrence Av E,
1996,Scarborough,Restaurants,Nicey's Food Mart,60 Morecambe Gate,
1996,Scarborough,Restaurants,Nicoll Supermarket,3301 McNicoll,
1996,Scarborough,Restaurants,Noor's Grocery & Variety Store,1177 Victoria Park,
1996,Scarborough,Restaurants,Pankan Milk Convenience Store,3160 Eglinton E,
1996,Scarborough,Restaurants,Pat East Market,1987 Lawrence Av E,
1996,Scarborough,Restaurants,Persads West Indian Grocery,462 Birchmount,
1996,Scarborough,Restaurants,Phil's Supermarket,2557 Warden,
1996,Scarborough,Restaurants,Pik-Kwik Convenience Stores,2300 Englinton E,
1996,Scarborough,Restaurants,Pillayar Traders,3630 Lawrence Av E,
1996,Scarborough,Restaurants,Pirri's Country Fair Scarboro Ltd,1255 Markham Rd,
1996,Scarborough,Restaurants,Poombhuhar Traders Inc,2190 Warden,
1996,Scarborough,Restaurants,Pricelo ,3330 Pharmacy Av,
1996,Scarborough,Restaurants,Prince Supermarket,3502 Danforth Av,
1996,Scarborough,Restaurants,Rosner Food Store,2675 Eglinton E,
1996,Scarborough,Restaurants,Royal Convenience Food market,115 Montezuma Trl,
1996,Scarborough,Restaurants,Royal Grocery,653 Victoria Park,
1996,Scarborough,Restaurants,Rubini East & West Indian Food Market,31 Tapscott,
1996,Scarborough,Restaurants,SPM Food Market,2950 Kennedy,
1996,Scarborough,Restaurants,Sadroo's Grocery Supplies Ltd,318 Painted Post Dr,
1996,Scarborough,Restaurants,Sai Combine Inc,3230 Eglinton E,
1996,Scarborough,Restaurants,Sampaguita Food Ltd,501 Pharmacy Av,
1996,Scarborough,Restaurants,Sandown Market ,1800 Pharmacy Av,
1996,Scarborough,Restaurants,Sandown Market West,826 Brown's Line,
1996,Scarborough,Restaurants,Sandown Mkr,221 Kennedy,
1996,Scarborough,Restaurants,Saravana's Market,1023 Markham Rd,
1996,Scarborough,Restaurants,Scarboro Blue Ribbon Foods Ltd,50 Morecambe Gate,
1996,Scarborough,Restaurants,Scarboro Grocery Inc,228 Markham Rd,
1996,Scarborough,Restaurants,Scarborough Zabeeha Meat & Grocery Supplies,4800 Sheppard Av E,
1996,Scarborough,Restaurants,Seasun Market,240 Alton Towers Cir,
1996,Scarborough,Restaurants,Serendib Fresh Market,2631 Eglinton E,
1996,Scarborough,Restaurants,Sheila's West Indian Food Store,3214 Eglinton E,
1996,Scarborough,Restaurants,Shueng Thai Super Market,2684 Eglinton E,
1996,Scarborough,Restaurants,Shop 2000 Ltd,2585 Victoria Park,
1996,Scarborough,Restaurants,Sivas Trading Co Ltd,3852 Finch E,
1996,Scarborough,Restaurants,Solas Market,2588 Birchmount,
1996,Scarborough,Restaurants,Soon Lee Supermarket,2401 Eglinton E,
1996,Scarborough,Restaurants,Spice Town And Halall Meat Store,3258 Lawrence Av E,
1996,Scarborough,Restaurants,Sri-Murgan Traders,3857 Lawrence Av E,
1996,Scarborough,Restaurants,Srivengadeswaras,904 Markham Rd,
1996,Scarborough,Restaurants,Sukhis Food Store,880 Ellesmere,
1996,Scarborough,Restaurants,Sunnyside Supermarket,1738 Lawrence Av E,"""Oriental & Canadian Foods"""
1996,Scarborough,Restaurants,Sunsplash Foods,3477 Kennedy,
1996,Scarborough,Restaurants,Taj Supermarket,400 Sewells Rd,
1996,Scarborough,Restaurants,Town Grocery,3655 St Clair,
1996,Scarborough,Restaurants,Tropical Food Store,2978 Eglinton E,
1996,Scarborough,Restaurants,U-Market,9 Progress,
1996,Scarborough,Restaurants,Victory Supermarket Ltd,4559 Sheppard Av E,
1996,Scarborough,Restaurants,Video & FIlipino Food Market,80 Ellesmere,
1996,Scarborough,Restaurants,VSG Grocery Store,2296 Eglinton E,
1996,Scarborough,Restaurants,Wah Fai Supermarket,2301 Brimley,
1996,Scarborough,Restaurants,West Indian Fine Foods & Fruit Market,3601 Lawrence Av E,
1996,Scarborough,Restaurants,Won's Grocery Store,1439 Kingston Rd,
1996,Scarborough,Restaurants,Yarlnagar Traders,1239 Ellesmere,
1996,Scarborough,Restaurants,Young's Food Mart,4190 Kingston Rd,
1996,Scarborough,Restaurants,Young's Milk,1546 Warden,
1996,Scarborough,Restaurants,Yu-Fung Trading Inc,25 Glen Watford Dr,
1996,Scarborough,Restaurants,Zabeeha Meat & Grocery Store,1536 Warden,
1996,Scarborough,Restaurants,Allied Food Service,4500 Shepherd Av E,
1996,Scarborough,Restaurants,Can-Roxy Trading Inc,110 Ironside Cr,
1996,Scarborough,Restaurants,Don Don Company,27 Milliken,
1996,Scarborough,Restaurants,Famous Wholesale,1151 Victoria Park,
1996,Scarborough,Restaurants,Grace Kennedy (Ontario) Inc,45 Mural,"""East & West Indian"""
1996,Scarborough,Restaurants,Grocery Exports Inc,3471 Kingston Rd,
1996,Scarborough,Restaurants,Jamcan Caribbean Imports,1111 Finch W,
1996,Scarborough,Restaurants,Kingfresh Trading Ltd,75 Milliken,
1996,Scarborough,Restaurants,Kingsdale Trading Co Ltd,77 Milliken,
1996,Scarborough,Restaurants,Kissan International Canada Incorporated,605 Middlefield,
1996,Scarborough,Restaurants,Kouri Foods Inc,380 Tapscott,
1996,Scarborough,Restaurants,Lanzarotta Wholesale Grocers Limited,10 Ronrose Dr,
1996,Scarborough,Restaurants,Linc Wholesale Foods,55 Bartrand,
1996,Scarborough,Restaurants,Linc Wholesale Foods,160 Evans,
1996,Scarborough,Restaurants,Linc Wholesale Foods,20 Orfus,
1996,Scarborough,Restaurants,M&M Twins Limited,100 Dynamic Dr,
1996,Scarborough,Restaurants,Mayura Products In,20 Melham Crt,
1996,Scarborough,Restaurants,Midson Food Distribution Inc,40 Nugget,
1996,Scarborough,Restaurants,Rhal Trading Incorp,3021 Markham Rd,
1996,Scarborough,Restaurants,Sun Lung Trading,120 Dynamic Dr,
1996,Scarborough,Restaurants,Thai Indochine Trading Inc,1 Turbina Avenue,
1996,Scarborough,Restaurants,Thomson Groceries Limited,20 Wagstaff Dr,
1996,Scarborough,Restaurants,Wing May Trading Co Ltd,60 Weybright,
1996,Scarborough,Restaurants,Wuji Gigong Research Association Canada,200 Silver Star Blvd,
1996,Scarborough,Restaurants,AKANE Japanese & Korean Restaurant,1344 Kennedy,
1996,Scarborough,Restaurants,A&W Food Services of Canada Ltd,40 Ironside Cres,
1996,Scarborough,Restaurants,Abacus Cuisine,Fairview Mall,
1996,Scarborough,Restaurants,Academy of Spherical Arts Ltd,38 Hanna Av,
1996,Scarborough,Restaurants,Agincourt Mall Restrnt,3850 Sheppard Av E,
1996,Scarborough,Restaurants,Ah-So Gardens Japanese Restaurant,614 Jarvis,
1996,Scarborough,Restaurants,Aida's Falafel,3410 Sheppard Av E,
1996,Scarborough,Restaurants,Akrita Restaurant & Snack Bar,1911 Ellesmere,
1996,Scarborough,Restaurants,Al Dente Ristorante Italiano,39 Main Street Markham N,
1996,Scarborough,Restaurants,Al Khaima Dining Theatre,767 Dovercourt,
1996,Scarborough,Restaurants,Al Mac's Bar & Grill,2459 Kingston Rd,
1996,Scarborough,Restaurants,All Star Bar & Eatery,4170 Kingston Rd,
1996,Scarborough,Restaurants,Amarone Ristorante,4850 Yonge,
1996,Scarborough,Restaurants,Angie's,2647 Eglinton E,
1996,Scarborough,Restaurants,Appleby's Sports Bar & Grill,2787 Eglinton E,
1996,Scarborough,Restaurants,Apsharas Restaurant,2778 Kennedy,
1996,Scarborough,Restaurants,Arby's Roast Beef Restaurant,3092 Kingston Rd,
1996,Scarborough,Restaurants,Aristocrat Restaurant & Tavern,4900 Sheppard Av E,
1996,Scarborough,Restaurants,Arkadia House,2007 Eglinton E,
1996,Scarborough,Restaurants,Arnold Place Restaurant,117 Ellesmere,
1996,Scarborough,Restaurants,Atlantis Fish & Chips & Restaurant,7 Progress,
1996,Scarborough,Restaurants,Auld Dubliner,3676 St Clair E,
1996,Scarborough,Restaurants,B&B Mandarin Restaurant,3280 Midland,
1996,Scarborough,Restaurants,Ballroom Tap & Grill,,
1996,Scarborough,Restaurants,Bangkok Garden Restaurant,18 Elm St,
1996,Scarborough,Restaurants,Bangkok Paradise Restaurant,506 Queen W,
1996,Scarborough,Restaurants,Bangkok Paradise Restaurant,25 Wellesley St,
1996,Scarborough,Restaurants,Barberian's Steak House,7 Elm,
1996,Scarborough,Restaurants,Barclay's Steak & Seafood,1921 Lawrence Av E,
1996,Scarborough,Restaurants,Bedrock Barny's Grill,3855 Lawrence Av E,
1996,Scarborough,Restaurants,Beef Noodle King,4271 Sheppard Av E,
1996,Scarborough,Restaurants,Benab Restaurant,2570 Eglinton E,
1996,Scarborough,Restaurants,Bendale Restaurant,3264 Lawrence Ave E,
1996,Scarborough,Restaurants,Benihana The Japanese Steakhouse,100 Front W,
1996,Scarborough,Restaurants,Best Choice,Chartwell Shopping Centre,
1996,Scarborough,Restaurants,Big Joy Noodle and Congee SHop,250 Alton Towers Cir,
1996,Scarborough,Restaurants,Big Pete's Restaurant & Bar,3406 Kingston Rd,
1996,Scarborough,Restaurants,Big Sizzler Restaurant,2816 Markham Rd,
1996,Scarborough,Restaurants,Big Time Burgers Inc,1157 Ellesmere,
1996,Scarborough,Restaurants,Birchmount Tavern,462 Birchmount,
1996,Scarborough,Restaurants,Black Forest Steak House & Tavern,2624 Eglinton E,
1996,Scarborough,Restaurants,Blackhorn Dining Room,251 Ellesmere,
1996,Scarborough,Restaurants,Blue Ribbon Restaurant,210 Markham Rd,
1996,Scarborough,Restaurants,Bluffer's Restaurant,7 Brimley S,
1996,Scarborough,Restaurants,Bo Peep Restrnt & Tavern,2277 Kingston,
1996,Scarborough,Restaurants,Bombay Palace,795 Markham Rd,
1996,Scarborough,Restaurants,Bonnie Briar's Pub Restaurant,2384 Eglinton E,
1996,Scarborough,Restaurants,Boomers Bar & Grill,1347 Danforth Rd,
1996,Scarborough,Restaurants,Boy On A Dolphin,1911 Eglinton E,
1996,Scarborough,Restaurants,Break Cafe,305 Milner,
1996,Scarborough,Restaurants,Broom & Stone Two,2572 Lawrence Av E,
1996,Scarborough,Restaurants,Buddhist Vegetarian Kitchen,3290 Midland,
1996,Scarborough,Restaurants,Burger Appetite,1150 Morningside,
1996,Scarborough,Restaurants,Burger Barn,4865 Sheppard Av E,
1996,Scarborough,Restaurants,Burger Deluxe Takeout Steak & Submarines,25 Slan ,
1996,Scarborough,Restaurants,Burger Express,Morningside Mall,
1996,Scarborough,Restaurants,Burger King,2571 Lawrence Av E,
1996,Scarborough,Restaurants,Burger King,415 Danforth Rd,
1996,Scarborough,Restaurants,Burger King,100 Eglinton Sq,
1996,Scarborough,Restaurants,By The Bluffs Dining & Catering,3101 Kingston,
1996,Scarborough,Restaurants,Byzas Restaurant,535 Danforth Av,
1996,Scarborough,Restaurants,CJ's Donuts & Diner,590 Ellesmere,
1996,Scarborough,Restaurants,Cafe Freemantle Ltd,23 Glen Watford Dr,
1996,Scarborough,Restaurants,Can-Cey Restaurant,2817 Eglinton E,
1996,Scarborough,Restaurants,Capers On Location The Restaurant,793 Pharmacy Av,
1996,Scarborough,Restaurants,Captain John's,1 Queen's Quay W,
1996,Scarborough,Restaurants,Carib Country Restaurant,3045 Kingston Rd,
1996,Scarborough,Restaurants,Caribbean Sundance Restaurant & Nightclub,323 Danforth Rd,
1996,Scarborough,Restaurants,Carman's Club Steak & Seafood,26 Alexander,
1996,Scarborough,Restaurants,Carnegie Place,8375 Woodbine,
1996,Scarborough,Restaurants,Caruso's Restaurant & Tavern,260 Markham Rd,
1996,Scarborough,Restaurants,Centennial Restrnt,5516 Lawrence Av E,
1996,Scarborough,Restaurants,Central Burgers & Fish & Chips,1904 Kennedy,
1996,Scarborough,Restaurants,Central Restaurant,2845 Lawrence Av E,
1996,Scarborough,Restaurants,Chandra's Take Out Restaurant & Catering,201 Markham Rd,
1996,Scarborough,Restaurants,Channaman's Caribbean Corner,2480 Eglinton E,
1996,Scarborough,Restaurants,Chez Monsieur Coco,1032 Kingston,
1996,Scarborough,Restaurants,Chick-N-Burger Drive-In,2203 Kingston Rd,
1996,Scarborough,Restaurants,Chick-n-joy,3227 Eglinton E,
1996,Scarborough,Restaurants,Chick-n-joy,4449 Kingston Rd,
1996,Scarborough,Restaurants,Chicken & Noodles Chinese Restaurant,1 Glen Watford Dr,
1996,Scarborough,Restaurants,Chicken Place,4844 Yonge St,
1996,Scarborough,Restaurants,Chicken Rotisserie Chicken,300 Lawrence Av E,
1996,Scarborough,Restaurants,China Buffet King,22 Metropolitan,
1996,Scarborough,Restaurants,Chinese Hut Restaurant ,1867 Kennedy,
1996,Scarborough,Restaurants,Chopstick Foods,3300 Danforth Av,
1996,Scarborough,Restaurants,Chowpatty Vegetarian Restaurant,1541 Victoria Park,
1996,Scarborough,Restaurants,Christopher's Charcoal Pit,3750 Lawrence Av E,
1996,Scarborough,Restaurants,Chuck E Cheese's,2452 Sheppard Av E,
1996,Scarborough,Restaurants,City Cafe,670 Coronation Dr,
1996,Scarborough,Restaurants,City Chinese Restaurant,17 Milliken,
1996,Scarborough,Restaurants,City Limits,3591 Sheppard Av E,
1996,Scarborough,Restaurants,Club Jimmiejacks,733 Birchmount,
1996,Scarborough,Restaurants,Club Mingles Eatery & Dance Emporium,2800 Eglinton E,
1996,Scarborough,Restaurants,CN Tower-360 Revolving Restaurant,301 Front W,
1996,Scarborough,Restaurants,Coalpot Restaurant & Bar,1837 Lawrence Av E,
1996,Scarborough,Restaurants,Coconut Junction Restaurant,1085 Bellamy N,
1996,Scarborough,Restaurants,Colony Restaurant,2014 Lawrence Av E,
1996,Scarborough,Restaurants,Congee King Restaurant,4271 Sheppard Av E,
1996,Scarborough,Restaurants,Copper Kettle Restaurant,1882 Lawrence Av E,
1996,Scarborough,Restaurants,Cordon Bleu Cafe,3280 Midland,
1996,Scarborough,Restaurants,Cornerstone Bar & Grill,1601 Birchmount,
1996,Scarborough,Restaurants,Corvette FIsh & CHips,623 Kennedy Rd,
1996,Scarborough,Restaurants,Cosy Hungarian DIning Room,2448 Kingston,
1996,Scarborough,Restaurants,Country Manor Restaurant & Banquet Hall,1660 O'Connor Dr,
1996,Scarborough,Restaurants,Country Style Donuts,1519 Birchmount East,
1996,Scarborough,Restaurants,Country Style Donuts,4200 Sheppard Av E,
1996,Scarborough,Restaurants,Crystal DIning Lounge,4002 Sheppard Av E,
1996,Scarborough,Restaurants,Cuisine Garden Limited,2950 Birchmount,
1996,Scarborough,Restaurants,CUrry & Roti Restaurant,1732 Lawrence Av E,
1996,Scarborough,Restaurants,Cypriana Restaurant & Tavern,1921 Eglinton E,
1996,Scarborough,Restaurants,Daddy G's ,31 Tapscott,
1996,Scarborough,Restaurants,Da-De's Cuisine,4810 SHeppard Av E,
1996,Scarborough,Restaurants,Dahleez Fine Indian Cuisine,880 Ellesmere,
1996,Scarborough,Restaurants,Darby O'Gills,3750 Kingston Rd,
1996,Scarborough,Restaurants,Da Vincenzo Restaurant & Banquet Rooms,2800 Fourteenth,
1996,Scarborough,Restaurants,Daybreak Restaurant,4016 Finch E,
1996,Scarborough,Restaurants,Deli-Inn Inc ,133 Manville,
1996,Scarborough,Restaurants,Delight Fish & CHips,3212 Eglinton E,
1996,Scarborough,Restaurants,Devonsleigh Place,4125 Steeles E,
1996,Scarborough,Restaurants,Diamond West Indian Restaurant,2372 Eglinton E,
1996,Scarborough,Restaurants,Diana Sweets Restaurant,,
1996,Scarborough,Restaurants,Diannaah Jamaican Take Out Restaurant,4403 Kingston Rd,
1996,Scarborough,Restaurants,Dickens Cafe On Finch,4188 Finch,
1996,Scarborough,Restaurants,Domino's Pizza,3453 Victoria Park Av,
1996,Scarborough,Restaurants,Donau Schwaben Club,1686 Ellesmere,
1996,Scarborough,Restaurants,Dragon Dynasty Chinese Cuisine,2301 Brimley,
1996,Scarborough,Restaurants,Dublin Pier,4379 Kingston Rd,
1996,Scarborough,Restaurants,Fantastic Seafood Restaurant,4002 Sheppard Av E,
1996,Scarborough,Restaurants,Fantasy Eatery ,3320 Midland,
1996,Scarborough,Restaurants,Farhat Restaurant,2020 Lawrence Av E,
1996,Scarborough,Restaurants,Fazio's Restaurant Corp Ltd,33 Simcoe S,
1996,Scarborough,Restaurants,Feathers Fish and Chips,4630 Kingston Rd,
1996,Scarborough,Restaurants,Rederick Restaurant,1920 Ellesmere,
1996,Scarborough,Restaurants,Fiddlers Elbow,3227 Eglinton E,
1996,Scarborough,Restaurants,Fish House,2035 Sheppard E,
1996,Scarborough,Restaurants,Fish House,144 Front W,
1996,Scarborough,Restaurants,Fish Joy,1179 Brimley,
1996,Scarborough,Restaurants,Flipper's FIsh House,2300 Lawrence Av E,
1996,Scarborough,Restaurants,Flying Scot,790 Military Trl,
1996,Scarborough,Restaurants,Fong's Restaurant,2412 Eglinton E,
1996,Scarborough,Restaurants,Fortune Stone Express,355 Bamburgh Cir,
1996,Scarborough,Restaurants,Fossil & Haggas Pub & Grub,790 Military Trl,
1996,Scarborough,Restaurants,4 Friends,2118 Bridletown Cir,
1996,Scarborough,Restaurants,Frankie Tomatto's,7225 Woodbine,
1996,Scarborough,Restaurants,Friendly Greek,1415 Kennedy,
1996,Scarborough,Restaurants,Front Page Restaurant,4186 Finch E,
1996,Scarborough,Restaurants,Fu Manchu CHinese Food,2655 Eglinton E,
1996,Scarborough,Restaurants,Fune Japanese Restaurant,100 SImcoe,
1996,Scarborough,Restaurants,G&J's Pizza Parlour,3255 Lawrence Av E,
1996,Scarborough,Restaurants,Ga Lok Gardens,51 Durnford Rd,
1996,Scarborough,Restaurants,Garuda Restaurant,373 Eglinton W,Not South Asian (Indonesian)
1996,Scarborough,Restaurants,Gasa Restaurant,2950 kennedy,
1996,Scarborough,Restaurants,Gatsby's Restaurant,504 Church,
1996,Scarborough,Restaurants,Gatwick & Giles Pub,6091 Kingston Rd,
1996,Scarborough,Restaurants,George's Drive-In,840 Markham Rd,
1996,Scarborough,Restaurants,Gerhard's Cafe,1085 Bellamy N,
1996,Scarborough,Restaurants,Ginsberg & Wong,70 St Patrick,
1996,Scarborough,Restaurants,Gleeners ,1225 Kennedy Rd,
1996,Scarborough,Restaurants,Gleeners ,2167 Victoria Park,
1996,Scarborough,Restaurants,Golden Griddle,3090 Eglinton E,
1996,Scarborough,Restaurants,Golden Griddle,10 Milner Business Ct,
1996,Scarborough,Restaurants,Golden In Take OUt,2522 Eglinton E,
1996,Scarborough,Restaurants,Golden Island,24 Southlawn Dr,
1996,Scarborough,Restaurants,Golden Nice Restaurant,2347 Kennedy,
1996,Scarborough,Restaurants,Golden Plate Dining Inc,305 Milner,
1996,Scarborough,Restaurants,Golden Snow Garden Restaurant,19 Milliken,
1996,Scarborough,Restaurants,Gramps & ELaine Roth Place Restaurant,3095 Eglinton E,
1996,Scarborough,Restaurants,Grandview Chinese Restaurant,3601 Victoria Park,
1996,Scarborough,Restaurants,Great Italian Pizza,3160 Eglinton E,
1996,Scarborough,Restaurants,Greek Tycoon Restaurant,1101 Brock S,
1996,Scarborough,Restaurants,Green Turtle Cafe,4505 Sheppard Ave,
1996,Scarborough,Restaurants,Gu Mi Japanese & Korean Restaurant,1801 Lawrence Av E,
1996,Scarborough,Restaurants,Guildwood Pizza & Burgers,123 Guildwood Pkwy,
1996,Scarborough,Restaurants,Guildy's Restaurant,113 Guildwood Pkwy,
1996,Scarborough,Restaurants,Happy Valley Take-out Service,266 Markham Rd,
1996,Scarborough,Restaurants,Happy Wok,2301 Brimley,
1996,Scarborough,Restaurants,Happyland Restaurant,3218 Eglinton E,
1996,Scarborough,Restaurants,Harry's Drive-In,2280 Lawrence Av E,
1996,Scarborough,Restaurants,Hearty Burger,3131 Danforth Av,
1996,Scarborough,Restaurants,Heaven's Gates Restaurant & Pizza,433 Cornstock,
1996,Scarborough,Restaurants,Harvey's Restaurants,3520 Danforth Av,
1996,Scarborough,Restaurants,Harvey's Restaurants,3490 Kingston Rd,
1996,Scarborough,Restaurants,Harvey's Restaurants,2310 Lawrence Av E,
1996,Scarborough,Restaurants,Harvey's Restaurants,2650 Lawrence Av E,
1996,Scarborough,Restaurants,Harvey's Restaurants,3580 McNicoll Av,
1996,Scarborough,Restaurants,Harvey's Restaurants,1100 O'Connor Dr,
1996,Scarborough,Restaurants,Harvey's Restaurants,4415 Sheppard Av E,
1996,Scarborough,Restaurants,Harvey's Restaurants,60 TUxedo Crt,
1996,Scarborough,Restaurants,Harvey's Restaurants,2555 Victoria Park,
1996,Scarborough,Restaurants,Harvey's Restaurants,3453 Victoria Park,
1996,Scarborough,Restaurants,Hennessy's Sports Bar & Grill,2839 Eglinton E,
1996,Scarborough,Restaurants,Ho Garden Restaurant Inc,240 Alton Towers Cir,
1996,Scarborough,Restaurants,Hokkiado Japanese Noodle House,355 Bamburgh Cir,
1996,Scarborough,Restaurants,Hollywood Grill,1 Ellesmere,
1996,Scarborough,Restaurants,Home Burger,1 Centre,
1996,Scarborough,Restaurants,Homestead Family Restaurant,Cedar Heights Plaza,
1996,Scarborough,Restaurants,Hong Kong Express,1571 Sandhurst Cir,
1996,Scarborough,Restaurants,Hong Kong Wok Seafood Noodles,2347 Kennedy,
1996,Scarborough,Restaurants,Hopper Hut,880 Ellesmere,
1996,Scarborough,Restaurants,Hot HOuse Cafe,35 Church,
1996,Scarborough,Restaurants,Hung Food CO Ltd,23 Glen Watford Dr,
1996,Scarborough,Restaurants,Hung Wei Gourmet Inc,3290 Midland,
1996,Scarborough,Restaurants,Huntingwood Restaurant & Bar Ltd,2351 Brimley,
1996,Scarborough,Restaurants,Hyland Family Restaurant,4515 Kingston Rd,
1996,Scarborough,Restaurants,Hy's Steak House,73 Richmond W,
1996,Scarborough,Restaurants,Ichiban Fish Market,3517 Kennedy,
1996,Scarborough,Restaurants,Il Cibo Express Cafe,820 Denison,
1996,Scarborough,Restaurants,Indian Flavour,595 Bay,Indian
1996,Scarborough,Restaurants,Indie's Paradise,646 Danforth Rd,
1996,Scarborough,Restaurants,Irie Rish & Veggie West Indian Food Take Out,461 Pharmacy Av,
1996,Scarborough,Restaurants,Italia Pizza,3380 Kennedy,
1996,Scarborough,Restaurants,JD's Uptown,1710 Eglinton E,
1996,Scarborough,Restaurants,JL's Brickyard Bar & Grill,55 Nugget,
1996,Scarborough,Restaurants,J&P BUrgers & Subs,1738 Victoria Park,
1996,Scarborough,Restaurants,J R Hamburgers & Submarines,2420 Eglinton E,
1996,Scarborough,Restaurants,J&R Restaurant,1197 Birchmount,
1996,Scarborough,Restaurants,Jam-Dees Jerk Pit,3601 lawrence Av E,
1996,Scarborough,Restaurants,January's Restaurant & Tavern,678 Kennedy,
1996,Scarborough,Restaurants,Japanese Teppanyaki,355 Bamburgh Cir,
1996,Scarborough,Restaurants,Jasmine Chinese Food Ltd,3850 Sheppard Av E,
1996,Scarborough,Restaurants,Jerusalem Restaurant,,
1996,Scarborough,Restaurants,Jin Peking Restaurant,4386 Sheppard Av E,
1996,Scarborough,Restaurants,Joe's Kitchen,3 Chelwood,
1996,Scarborough,Restaurants,Joey's Only Seafood Restaurant,65 Rylander,
1996,Scarborough,Restaurants,John Anderson Charcoal Broiled Hamburgers,561 Markham Rd,
1996,Scarborough,Restaurants,John Anderson Charcoal Broiled Hamburgers,1993 Lawrence Av E,
1996,Scarborough,Restaurants,John Anderson Charcoal Broiled Hamburgers,2832 Victoria Park,
1996,Scarborough,Restaurants,John Anderson Charcoal Broiled Hamburgers,2328 Kingston Rd,
1996,Scarborough,Restaurants,John & Sophies Place,2623 Lawerence Av E,
1996,Scarborough,Restaurants,Johnny's Hamburgers,2595 Victoria Park,
1996,Scarborough,Restaurants,Joni J's Eater & Pub,2422 Kingston Rd,
1996,Scarborough,Restaurants,Jubilee Sports Bar & Grill,799 Brimley,
1996,Scarborough,Restaurants,Jump'n' Jack's,1891 Kennedy,
1996,Scarborough,Restaurants,Just Desserts,4002 Sheppard Av E,
1996,Scarborough,Restaurants,Just Fish ,5200 Finch E,
1996,Scarborough,Restaurants,KC McFly's,1717 Victoria Park,
1996,Scarborough,Restaurants,Kagoshima,221 Ellesmere,
1996,Scarborough,Restaurants,Kally's Restaurants & Banquet Rooms,430 Nugget,
1996,Scarborough,Restaurants,Kally's Restaurants & Banquet Rooms,2938 Eglinton E,
1996,Scarborough,Restaurants,Kar Hing Fast Food ,2551 Pharmacy Av,
1996,Scarborough,Restaurants,Katsura Japanese Restaurant The Prince Hotel,900 York Mills,
1996,Scarborough,Restaurants,Kebob Friendly Pub Ltd,116 Ellesmere,
1996,Scarborough,Restaurants,Keg Restaurants Ltd,60 Estate Dr,
1996,Scarborough,Restaurants,Kelsey's ,2201 Ellesmere,
1996,Scarborough,Restaurants,Kelsey Restaurant,3100 Steeles E,
1996,Scarborough,Restaurants,Kennedy Town Restaurant,2398 Eglinton E,
1996,Scarborough,Restaurants,Kenny Rogers Roasters,2642 Eglinton E,
1996,Scarborough,Restaurants,Kenny's Noodle ,4227 Sheppard Av E,
1996,Scarborough,Restaurants,Kentucky Fried Chicken,2848 Ellesmere,
1996,Scarborough,Restaurants,Kentucky Fried Chicken,3359 Danforth,
1996,Scarborough,Restaurants,Kentucky Fried Chicken,2567 Eglinton E,
1996,Scarborough,Restaurants,Kentucky Fried Chicken,1338 Kennedy Rd,
1996,Scarborough,Restaurants,Kentucky Fried Chicken,820 Kingston,
1996,Scarborough,Restaurants,Kentucky Fried Chicken,2799 Kingston,
1996,Scarborough,Restaurants,Kentucky Fried Chicken,3351 Lawrence Av E,
1996,Scarborough,Restaurants,Kentucky Fried Chicken,1760 Lawrence Av E,
1996,Scarborough,Restaurants,Kentucky Fried Chicken,5500 Lawrence Av E,
1996,Scarborough,Restaurants,Kentucky Fried Chicken,3495 Sheppard Ave E,
1996,Scarborough,Restaurants,Kentucky Fried Chicken,5109 Sheppard Av E,
1996,Scarborough,Restaurants,,,
1996,Scarborough,Restaurants,Kiku Sushi Market,4386 Sheppard Av E,
1996,Scarborough,Restaurants,Kimura Sushi,4035 Gordon Baker,
1996,Scarborough,Restaurants,King Georges Arm,2501 Victoria Park,
1996,Scarborough,Restaurants,King Noodle Delight,271 Old Kingston,
1996,Scarborough,Restaurants,King's Restaurant,2005 Eglinton E,
1996,Scarborough,Restaurants,Kong's Chinese Food,2440 Kingston Rd,
1996,Scarborough,Restaurants,Korean Barbecue Restaurant Ltd,3280 Midland,
1996,Scarborough,Restaurants,Korean Village Han Kuk Kwan Restaurant,628 Bloor W,
1996,Scarborough,Restaurants,Koya of Japan,Scarborough Town Center,
1996,Scarborough,Restaurants,Kracker Barrels Inc,4569 Kingston Rd,
1996,Scarborough,Restaurants,Kum Hong BBQ Restaurant,2094 Brimley Rd,
1996,Scarborough,Restaurants,Kwinter J Gourmet Hot Dogs,Scarborough Town Center,
1996,Scarborough,Restaurants,L&J Restaurant,2302 Eglinton E,
1996,Scarborough,Restaurants,La Fenice,319 King W,
1996,Scarborough,Restaurants,Lan Kee BBQ Restaurant,4 Greystone Walk,
1996,Scarborough,Restaurants,Lanterns,1167 Victoria Park,
1996,Scarborough,Restaurants,La Pentola Ristorante,1671 Eglinton E,
1996,Scarborough,Restaurants,La Petite Family Restaurant,223 Morrish,
1996,Scarborough,Restaurants,La Salle Restaurant,2365 Eglinton E,
1996,Scarborough,Restaurants,Le Baron Steak House,425 Church,
1996,Scarborough,Restaurants,Le Continental Dining Room The Prince Hotel,900 York Mills,
1996,Scarborough,Restaurants,Leo's Dining Lounge,4455 Sheppard Av E,
1996,Scarborough,Restaurants,Le Trou Normand Restaurant,90 Yorkville,
1996,Scarborough,Restaurants,Liberty Restaurant,2883 Lawrence Av E,
1996,Scarborough,Restaurants,Lichee Garden,595 Bay,
1996,Scarborough,Restaurants,Little Bavaria Restaurant,3222 Eglinton E,
1996,Scarborough,Restaurants,Little Gleener's,1800 Kennedy,
1996,Scarborough,Restaurants,Loose Caboose,2240 Midland,
1996,Scarborough,Restaurants,Lucky Lin's Restaurant,226 markham Rd,
1996,Scarborough,Restaurants,Lung Tung BBQ Food,4227 Sheppard Av E,
1996,Scarborough,Restaurants,Madras Palace,1249 Ellesmere,
1996,Scarborough,Restaurants,Mama Bear's ,2573 Victoria Park,
1996,Scarborough,Restaurants,Manchu Wok,1 Eglinton Sq,
1996,Scarborough,Restaurants,Manchu Wok,725 Warden,
1996,Scarborough,Restaurants,Mandalay Restaurant,3478 Lawrence Av E,
1996,Scarborough,Restaurants,Mandarin Restaurant,2206 Eglinton E,
1996,Scarborough,Restaurants,Maple Garden,30 Dean Park,
1996,Scarborough,Restaurants,Mardi Gras Restaurant & Tavern,777 Warden,
1996,Scarborough,Restaurants,Markham Garden Chinese Food,870 Markham Rd,
1996,Scarborough,Restaurants,Marz Diner,3049 Kingston Rd,
1996,Scarborough,Restaurants,Masa Japanese Restaurant,205 Richmond W,
1996,Scarborough,Restaurants,Masala ,1163 Ellesmere,
1996,Scarborough,Restaurants,Mason Foods Ltd,2540 Eglinton E,
1996,Scarborough,Restaurants,Master Cafe,701 Evans,
1996,Scarborough,Restaurants,Max Burgers,789 Warden,
1996,Scarborough,Restaurants,Max Cafe Bar & Grill,1515 Birchmount,
1996,Scarborough,Restaurants,Max's At Bayview Village,Bayview Village Plaza,
1996,Scarborough,Restaurants,McCowan Fish & CHIps,623 McCowan,
1996,Scarborough,Restaurants,McDonald's Restaurants,2480 Gerrard E,
1996,Scarborough,Restaurants,MCTaggart's Pub & Eatery Ltd,4286 Kingston Rd,
1996,Scarborough,Restaurants,Mei CHuen Fast Food Restaurant,3301 McNicoll,
1996,Scarborough,Restaurants,Medieval Times,Exhibition Pl,
1996,Scarborough,Restaurants,Mei Garden Chinese Restaurant,127 Island Rd,
1996,Scarborough,Restaurants,Melford Restaurant,10 Melford Dr,
1996,Scarborough,Restaurants,Melinas Family Restaurant,639 McCowan,
1996,Scarborough,Restaurants,Michelangelo Fine Italian Cuisine,1910 Gerrard E,
1996,Scarborough,Restaurants,Midtown Chinese Restaurant,4227 Sheppard Av E,
1996,Scarborough,Restaurants,Mikado Japanese Restaurant,114 Laird Dr,
1996,Scarborough,Restaurants,Mikasa Japanese Restaurant,3330 Pharmacy Av,
1996,Scarborough,Restaurants,Ming's Noodle,4227 Sheppard Av E,
1996,Scarborough,Restaurants,Minos Restaurant & Bakery,2034 Lawrence Av E,
1996,Scarborough,Restaurants,Mirra's Place,3153 Dufferin,Italian
1996,Scarborough,Restaurants,Mister Burger,23 Lapsley,
1996,Scarborough,Restaurants,Mister Chop SUey,1873 Lawrence Av E,
1996,Scarborough,Restaurants,Mother Tucker's,,
1996,Scarborough,Restaurants,Mother's Restaurants,31 Tapscott,
1996,Scarborough,Restaurants,Mr Burger,5745 Finch E,
1996,Scarborough,Restaurants,Mr Grill,3342 Danforth Av,
1996,Scarborough,Restaurants,Mr Jerk,1166 Morningside,
1996,Scarborough,Restaurants,Mr Paul Pizza Inc,136 Orton Park,
1996,Scarborough,Restaurants,Mr Sub,1131 Markham Rd,
1996,Scarborough,Restaurants,Mr Submarine Limited,1923 Eglinton E,
1996,Scarborough,Restaurants,Mr Sushi Sushi,2579 Victoria Park,
1996,Scarborough,Restaurants,Mr Taco International Inc,1571 Sandhurst Cir,
1996,Scarborough,Restaurants,Mr Win BBQ Take Out,3290 Midland,
1996,Scarborough,Restaurants,Mr Wong's Super Buffet,1221 Markham Rd,
1996,Scarborough,Restaurants,Mr Zee's Bar & Eatery,1523 Birchmount ,
1996,Scarborough,Restaurants,Mrs Vanelli's Fresh Italian Foods,300 Borough Dr,
1996,Scarborough,Restaurants,Mrs Vanelli's Pizza & Italian Foods,Eglinton Square Shopping Centre,
1996,Scarborough,Restaurants,Munchies,4190 Kingston Rd,
1996,Scarborough,Restaurants,Nasib's Falafel,1060 Kennedy ,
1996,Scarborough,Restaurants,Nazarene Food Court,2069 Lawrence Av E,
1996,Scarborough,Restaurants,Neon Coffee Shop,706 Danforth Av,
1996,Scarborough,Restaurants,Neptune's Cove Steak & Seafood House,Bayview Village,
1996,Scarborough,Restaurants,New Classic Cantoneses,355 Bamburgh Cir,
1996,Scarborough,Restaurants,New Devi Food,1877 Lawrence Av E,
1996,Scarborough,Restaurants,New Eastown Restaurant,1056 Kingston Rd,
1996,Scarborough,Restaurants,New Fountain Ltd,3833 Midland,
1996,Scarborough,Restaurants,New King Chai Restaurant,1806 Pharmacy Av,
1996,Scarborough,Restaurants,New Palm Court Restaurant,2829 Eglinton E,
1996,Scarborough,Restaurants,New Peking Restaurant,3380 Midland,
1996,Scarborough,Restaurants,New York Fries,Scarborough Town Centre,
1996,Scarborough,Restaurants,Nicey's Take-Out,54 Morecambe Gate,
1996,Scarborough,Restaurants,Nick's Coffee Shop,2055 Kennedy,
1996,Scarborough,Restaurants,Nihon Grill House,2301 Brimley,
1996,Scarborough,Restaurants,Nikiko Japanese Restaurant,885 Progress,
1996,Scarborough,Restaurants,Niko's Restaurant,1421 Danforth Av,
1996,Scarborough,Restaurants,Noodle Cafe,3517 Kennedy,
1996,Scarborough,Restaurants,Noodle Delight,2555 Victoria Park,
1996,Scarborough,Restaurants,Norman's Gourmet Sandwich & Coffee Shop,1921 Eglinton E,
1996,Scarborough,Restaurants,Nova 341 Pizza & Wings Ltd,2856 Ellesmere,
1996,Scarborough,Restaurants,Oceanview Restaurant & Tavern,4637 Kingston Rd,
1996,Scarborough,Restaurants,Octagon Restaurant,7529 Yonge,
1996,Scarborough,Restaurants,Old Angelo's Restaurant,45 Elm,
1996,Scarborough,Restaurants,Old Country Inn,198 Main Street,Austrian
1996,Scarborough,Restaurants,Old Liverpool House,1294 Kingston Rd,
1996,Scarborough,Restaurants,Old Scott House,520 Progress,
1996,Scarborough,Restaurants,Ollie's Country Fare,2826 Markham Rd,
1996,Scarborough,Restaurants,Omonia Restaurant & Tavern Ltd,426 Danforth Av,BBQ
1996,Scarborough,Restaurants,One Love West Indian & Canadian Dishes,3212 Danforth Av,
1996,Scarborough,Restaurants,Oriental Food Delights,4188 Finch E,
1996,Scarborough,Restaurants,Oriental Grill ,1571 Sandhurst Cir,
1996,Scarborough,Restaurants,Oriental Indian Restaurant,2783 Danforth Av,
1996,Scarborough,Restaurants,Oriental Seafood House,735 Middlefield,
1996,Scarborough,Restaurants,P Jays Take-Out,20 Southlawn Dr,
1996,Scarborough,Restaurants,Pa Fook BBQ House Ltd,4271 Sheppard Av E,
1996,Scarborough,Restaurants,Pacific Restaurant,4466 Sheppard Av E,
1996,Scarborough,Restaurants,Pagoda Chinese Foods ,80 Ellesmere,
1996,Scarborough,Restaurants,Pai Szu Cafe,3601 Victoria Park,
1996,Scarborough,Restaurants,Palace Restaurant,2240 Midland,
1996,Scarborough,Restaurants,Palm Beach 27,1221 Markham Rd,
1996,Scarborough,Restaurants,Pasta Plus,Morningside Mall,
1996,Scarborough,Restaurants,Paul Wong Fine CHinese Cuisine,376 Kingston Rd,
1996,Scarborough,Restaurants,Peking Garden Restaurant,4532 Kingston Rd,Chinese
1996,Scarborough,Restaurants,Peoples Canteen,3838 Midland,
1996,Scarborough,Restaurants,Pepper's Deli & Eatery,3454 Danforth Av,
1996,Scarborough,Restaurants,Perfect Chinese Restaurant Ltd,4386 Sheppard Av E,
1996,Scarborough,Restaurants,Peter's Fine Dining,5701 Hwy 7,
1996,Scarborough,Restaurants,Petey Koulay's Tap & Grill,1625 Military Trl,
1996,Scarborough,Restaurants,Pho Hoa Restaurant,4271 Sheppard Av E,
1996,Scarborough,Restaurants,Pho 88 Vietnamese Famous Beef Noodles Soup,250 Alton Towers Cir,
1996,Scarborough,Restaurants,Phuket Pearl Thai Cuisine Restaurant,4390 Steeles E,
1996,Scarborough,Restaurants,Piazza Manna,100 Consilium Pl,
1996,Scarborough,Restaurants,Pizza Affair Restaurant,1154 Morningside,
1996,Scarborough,Restaurants,Pizza Delight,2987 Kingston Rd,
1996,Scarborough,Restaurants,Pizza Magica Restaurant,200 Bellamy N,
1996,Scarborough,Restaurants,Pizza Plus,31 Tapscott,
1996,Scarborough,Restaurants,Pizza Time,2228 Kingston Rd,
1996,Scarborough,Restaurants,Pizzamania Restaurant,155 Morningside,
1996,Scarborough,Restaurants,Pizzeria Casa Piccola,80 Ellesmere,
1996,Scarborough,Restaurants,Plum Tree Express,85 Ellesmere,
1996,Scarborough,Restaurants,Pop Subs,5 Bonis,
1996,Scarborough,Restaurants,Popeyes Famous Fried Chicken& Biscuits,2633 Lawrence Av E,
1996,Scarborough,Restaurants,Premier Chinese Food Take OUt & Delivery,4080 Sheppard Av E,
1996,Scarborough,Restaurants,Primo Pizza,653 McCowan,
1996,Scarborough,Restaurants,Prosperity Restaurant,1831 Larence Av E,
1996,Scarborough,Restaurants,Quarry Cafe,2560 Gerrard E,
1996,Scarborough,Restaurants,Queen's Plate Steakhouse & Taven,3473 Kingston Rd,
1996,Scarborough,Restaurants,Rafferty's,2575 Eglinton E,
1996,Scarborough,Restaurants,Rainbow Restaurant,448 Kennedy,
1996,Scarborough,Restaurants,Rangoon Restaurant & Bakery,1067 Midland,
1996,Scarborough,Restaurants,Real McCoy Charcoal Burger,1033 Markham Rd,
1996,Scarborough,Restaurants,Red Lobster,1125 Markham Rd,
1996,Scarborough,Restaurants,Red Lobster,3252 Sheppard Ave E,
1996,Scarborough,Restaurants,Regent Chinese Restaurant Inc,3330 Pharmacy,
1996,Scarborough,Restaurants,Reicoh Restaurant & Take Out,5210 Finch E,
1996,Scarborough,Restaurants,Relax Bar & Grill,5780 Sheppard Av E,
1996,Scarborough,Restaurants,Remezzo Italian Bistro,3335 Sheppard AvE,
1996,Scarborough,Restaurants,Ritz,4531 Sheppard Av E,
1996,Scarborough,Restaurants,Riviera Pizza,2258 Kingston Rd,
1996,Scarborough,Restaurants,Rock 'n' Diner ,900 Don Mills,
1996,Scarborough,Restaurants,Roland's Take-Out Restaurant,2900 Eglinton E,
1996,Scarborough,Restaurants,Romeo's Pizza Restaurant,1723 Lawrence Av E,
1996,Scarborough,Restaurants,Roosters Ribhouse,4630 Kingston Rd,
1996,Scarborough,Restaurants,Rossini Italia Ristorante,1988 Avenue Rd,
1996,Scarborough,Restaurants,Roti Hut,351 Pitfield,Caribbean
1996,Scarborough,Restaurants,Roti & Pelau,15 Lapsley,
1996,Scarborough,Restaurants,Roti Spot,4383 Kingston Rd,
1996,Scarborough,Restaurants,Roti Supreme West Indian Restaurant,2797 Eglinton E,
1996,Scarborough,Restaurants,Route 66 Roadside Grill & Bar,Eglinton Sq,
1996,Scarborough,Restaurants,Royal Queen Restaurant Inc,3150 Eglinton E,
1996,Scarborough,Restaurants,Rua De Macau Kitchen,4192 Sheppard Av E,
1996,Scarborough,Restaurants,Ruby Chinese Restaurant Ltd,1571 Sandhurst Cir,
1996,Scarborough,Restaurants,Sadaghat Restaurant,3342 Danforth Av,
1996,Scarborough,Restaurants,Saini's Chicken Place,2 Greystone Walk,
1996,Scarborough,Restaurants,Saini's Chicken Place & Sports Bar,3475 Lawrence Av E,
1996,Scarborough,Restaurants,St Louis Bar & Grill,2050 Yonge,
1996,Scarborough,Restaurants,St Thomas Street Restaurant,140 York Blvd,
1996,Scarborough,Restaurants,Sam-lao Noodles & Congees Expert Restaurant,3290 Midland,
1996,Scarborough,Restaurants,Sam May Chinese BBq Food,4465 Sheppard Av E,
1996,Scarborough,Restaurants,Sam Woo BBQ ,375 Bamburgh Cir,
1996,Scarborough,Restaurants,Sanson's Restrnt,1215 Ellesmere,
1996,Scarborough,Restaurants,Santorini Grill,288 John,
1996,Scarborough,Restaurants,Santos Place,3330 Lawrence Av E,
1996,Scarborough,Restaurants,Saras Srilankan West East Indian Fast Food,2525 Pharmacy Av,Sri Lankan & Indian
1996,Scarborough,Restaurants,Sasaya Japanese Restaurant,257 Eglinton W,
1996,Scarborough,Restaurants,Sashimi House Ltd,4271 Sheppard Av E,
1996,Scarborough,Restaurants,Scaramouche Restaurant Pasta Bar & Grill,1 Benvenuto Pl,
1996,Scarborough,Restaurants,Scarborough Chinese Food,2871 Kingston Rd,
1996,Scarborough,Restaurants,Scarborough Palace Restaurant & Take Out,3256 Lawrence Av E,
1996,Scarborough,Restaurants,School Fine Dining,4121 Fourteenth,
1996,Scarborough,Restaurants,Scotch Corner A Scottish Restaurant & Bar,1109 Victoria Park,
1996,Scarborough,Restaurants,Scott House,520 Progress,
1996,Scarborough,Restaurants,Sea Shack Seafood Restaurant Ltd,2130 Lawrence Av E,
1996,Scarborough,Restaurants,Select Sandwich ,2900 Warden,
1996,Scarborough,Restaurants,Seoul Village BBQ Restaurant,4810 Sheppard Av E,
1996,Scarborough,Restaurants,Seventh Heaven Fast Food ,2301 Brimley,
1996,Scarborough,Restaurants,Shamrock Burgers & Pizza,6109 Kingston,
1996,Scarborough,Restaurants,Shark City Bar & Grill,117 Eglinton E,
1996,Scarborough,Restaurants,Sherry's Coffee SHop,773 Warden,
1996,Scarborough,Restaurants,Shuffle Bar & Grill,1423 Kingston Rd,
1996,Scarborough,Restaurants,Silver Dragon Restaurant & Tavern,4640 Kingston Rd,
1996,Scarborough,Restaurants,Simon's Bar & Grill,4528 Kingston Rd,
1996,Scarborough,Restaurants,Smokin' Crow ,20 Milner Business Court,
1996,Scarborough,Restaurants,Soho Two Restaurant Tavern,2393 Eglinton E,
1996,Scarborough,Restaurants,South Asia Malaysian Cuisine,3380 Midland,
1996,Scarborough,Restaurants,Springwaters Family Restaurant,markville SHopping Centre,
1996,Scarborough,Restaurants,Stable Valley Restaurant & Bar,2351 Kennedy,
1996,Scarborough,Restaurants,Star Wars Burgers,723 Kennedy,West Indian
1996,Scarborough,Restaurants,Steak Queen ,1795 Victoria Park,
1996,Scarborough,Restaurants,Stephen's Family Restaurant,3420 Lawrence Ave E,
1996,Scarborough,Restaurants,Stonehouse Restaurant,1399 Kennedy Rd,
1996,Scarborough,Restaurants,Sub Mr,55 Eglinton Sq,
1996,Scarborough,Restaurants,Subway Sandwiches & Salads,2555 Victoria Park,
1996,Scarborough,Restaurants,Subway Sandwiches & Salads,5091 Sheppard Av E,
1996,Scarborough,Restaurants,Subway Sandwiches & Salads,31 Tapscott,
1996,Scarborough,Restaurants,Subway Sandwiches & Salads,462 Birchmount,
1996,Scarborough,Restaurants,Subway Sandwiches & Salads,3585 Lawrence Av E,
1996,Scarborough,Restaurants,Subwing,2420 Eglinton E,
1996,Scarborough,Restaurants,Sultan's Tent,1280 Bay ,
1996,Scarborough,Restaurants,Summerfields Cafe & Brasserie,Scarborough Town Centre,
1996,Scarborough,Restaurants,Sun King Seafood Restaurant,4128 Sheppard Av E,
1996,Scarborough,Restaurants,Sun Nga Seafood Restaurant,3325 Victoria Park,
1996,Scarborough,Restaurants,Sun Set Hut Caribbean Ital Takeout Food,741 Pharmacy Av,
1996,Scarborough,Restaurants,Sun Tung Shing Restaurant,4168 Fince E,
1996,Scarborough,Restaurants,Sun Yee Tung Hot Pot Ltd,25 Glen Watford Dr,
1996,Scarborough,Restaurants,Sunrise Caribbean Restaurants ,4306 Kingston Rd,
1996,Scarborough,Restaurants,Sunshine's Restaurant,Bayview Village Shopping Centre,
1996,Scarborough,Restaurants,Sweet Dreams Karaoke Restaurant,1001 Sandhurst Cir,
1996,Scarborough,Restaurants,Sweetheart Donut & Cafe,2549 Warden,
1996,Scarborough,Restaurants,Swiss Chalet,3400 Danforth Av,
1996,Scarborough,Restaurants,Sylvan's Palace Restaurant,4810 Sheppard Av E,
1996,Scarborough,Restaurants,T&L Restaurant,4219 Sheppard Av E,
1996,Scarborough,Restaurants,T O CHicken & Wings,1961 Lawrence Av E,
1996,Scarborough,Restaurants,Taco Bell,3290 Sheppard Av E,
1996,Scarborough,Restaurants,Taisho Japanese Restaurant,3290 Midland,
1996,Scarborough,Restaurants,Taj Kapuri Paan & Donair,1165 Victoria Park,
1996,Scarborough,Restaurants,Tak Hing Hot Pot Restaurant,2543 Warden,
1996,Scarborough,Restaurants,Tak Kee Restaurant,3300 Midland,
1996,Scarborough,Restaurants,Take A Break Cafe,3630 Lawerence Av E,
1996,Scarborough,Restaurants,Take Out King,5800 Sheppard Av E,
1996,Scarborough,Restaurants,Takesushi Restaurant,22 Front W,
1996,Scarborough,Restaurants,Tandoori Hut,2245 Kennedy,
1996,Scarborough,Restaurants,Tanisha Palace ,1173 Victoria Park,
1996,Scarborough,Restaurants,Tapp's Restaurant,5630 Finch E,
1996,Scarborough,Restaurants,Tara Inn,2365 Kingston,
1996,Scarborough,Restaurants,Taste Of Noodles Inc,2101 Brimley,
1996,Scarborough,Restaurants,Tastes Hohoho Cafe & BBQ,1190 Kennedy,
1996,Scarborough,Restaurants,Tasty Take-Out,1179 Victoria Park,
1996,Scarborough,Restaurants,Taya's Family Restaurant,2260 Birchmount,
1996,Scarborough,Restaurants,Ted's Restaurant,404 Old Kingston Rd,
1996,Scarborough,Restaurants,Ten-ichi Japanese Restaurant,4810 Sheppard Av E,
1996,Scarborough,Restaurants,Terrace Brae Restaurant Ltd,3601 Lawrence Av E,
1996,Scarborough,Restaurants,Terry's Restaurant & Bar,1920 Ellesmere,
1996,Scarborough,Restaurants,Tex's Grill,91 Rylander,
1996,Scarborough,Restaurants,Thai Garden Restaurant,4810 Sheppard Av E,
1996,Scarborough,Restaurants,Thai Royal Seafood Restaurant,2900 Markham Rd,
1996,Scarborough,Restaurants,The Burger Palace,Bridlewood Mall,
1996,Scarborough,Restaurants,The Friendly Greek Restaurant,30 Bertrand,
1996,Scarborough,Restaurants,The Friendly Greek Restaurant,1415 Kennedy,
1996,Scarborough,Restaurants,The Great Steak & Fry Co,210 SilverStar Bl,
1996,Scarborough,Restaurants,The Roti Place,3300 Lawrence Av E,
1996,Scarborough,Restaurants,Timber Creek Lodge,5328 Hwy 7,
1996,Scarborough,Restaurants,Tin's Restaurant,325 Bamburgh Cir,
1996,Scarborough,Restaurants,Tiro's Diner,629 Pharmacy Av,
1996,Scarborough,Restaurants,Tom Jones Steakhouse & Seafood,17 Leader Ln,
1996,Scarborough,Restaurants,Tommy's Restaurant & Bar,575 Markham Rd,
1996,Scarborough,Restaurants,Tom's Coffee SHop,1333 Neilson,
1996,Scarborough,Restaurants,Tony Roma's A Place For Ribs,10 Carlson,
1996,Scarborough,Restaurants,Tony's Restaurant & Bar,2555 Victoria Park,
1996,Scarborough,Restaurants,Top Hill Restaurant & Sports Bar,1548 Warden,
1996,Scarborough,Restaurants,Topiary's Steak & Seafood,3215 Derry Rd E,
1996,Scarborough,Restaurants,Toriichi Food Corp Of Canada,3555 Kingston Rd,
1996,Scarborough,Restaurants,Town & country buffet restaurants,3160 stelles e,
1996,Scarborough,Restaurants,Town & country buffet restaurants,190 queens quay e,
1996,Scarborough,Restaurants,Town & country buffet restaurants,5165 dixie rd,
1996,Scarborough,Restaurants,tropical grill,2131 lawrence av e,
1996,Scarborough,Restaurants,tropical nights,3114 danforth av,
1996,Scarborough,Restaurants,tropikal nights caribbean restaurant,74 hymus,
1996,Scarborough,Restaurants,truffles-four season hotel toronto,21 avenue rd,
1996,Scarborough,Restaurants,tucker's marketplace,15 carlson crt,
1996,Scarborough,Restaurants,tucker's marketplace,1920 eglinton e,
1996,Scarborough,Restaurants,tugseys fish and grille,277 port union rd,
1996,Scarborough,Restaurants,tusi,286 markham rd,indian
1996,Scarborough,Restaurants,unionville house restaurant,187 main street unionville,
1996,Scarborough,Restaurants,vic hong restaurant,4419 sheppard av e,
1996,Scarborough,Restaurants,vic star restaurant,3290 midland ,
1996,Scarborough,Restaurants,victorian restaurant,3104 danforth av,
1996,Scarborough,Restaurants,vietnam garden restaurant,4188 finch e,
1996,Scarborough,Restaurants,vincent's spot,2496 kingston rd,
1996,Scarborough,Restaurants,vipran family restaurant,752 markham rd,
1996,Scarborough,Restaurants,vital buffet,691 mccowan,
1996,Scarborough,Restaurants,wah kee restaurant,1001 sandhurst cr,
1996,Scarborough,Restaurants,wally parr sausage,300 borough dr,
1996,Scarborough,Restaurants,watts restaurants ltd,30 eglinton sq,
1996,Scarborough,Restaurants,wendy's restaurant,2501 victoria park,
1996,Scarborough,Restaurants,wendy's restaurant,1460 kennedy,
1996,Scarborough,Restaurants,wendy's restaurant,4351 kingston rd,
1996,Scarborough,Restaurants,wendy's restaurant,parkway mall,
1996,Scarborough,Restaurants,wendy's restaurant,960 warden,
1996,Scarborough,Restaurants,wexford restrnt,2072 lawrence av e,
1996,Scarborough,Restaurants,which restaurant,4911 Steeles e,
1996,Scarborough,Restaurants,whitlock's restaurant,1961 queen ,
1996,Scarborough,Restaurants,wimpys diner,3555 st clair e,
1996,Scarborough,Restaurants,wimpys diner,1496 kingston rd,
1996,Scarborough,Restaurants,wing it,1960 lawrence av e,
1996,Scarborough,Restaurants,wing sing strand restaurant,462 birchmount,
1996,Scarborough,Restaurants,wing wing restaurant,3032 danforth av,chinese
1996,Scarborough,Restaurants,winner's bar & grill,2181 lawrence av e,
1996,Scarborough,Restaurants,winston's kitchen,3601 lawrence av e,
1996,Scarborough,Restaurants,wonder spring restaurant ltd,2361 kennedy,
1996,Scarborough,Restaurants,wr's snack shop,4211 seppard av e,
1996,Scarborough,Restaurants,wynford's y & r restrnt & tavern,44 wynford heights cr,
1996,Scarborough,Restaurants,xe lua restaurant,1571 sandhurst cir,
1996,Scarborough,Restaurants,yamato japanese restaurant,18 bellair,
1996,Scarborough,Restaurants,yang li gardens,3103 kingston rd,
1996,Scarborough,Restaurants,yau's lung kee restaurant,4386 sheppard av e,
1996,Scarborough,Restaurants,yogi's noodles,2301 brimley,
1996,Scarborough,Restaurants,young lok restaurant,4950 yongue st,chinese
1996,Scarborough,Restaurants,zante cafe,1069 midland,
1996,Scarborough,Restaurants,zen japanese restaurant,2803 eglinton e,japanese
1996,Scarborough,Restaurants,genei's restaurant,4699 keele,caribbean
1996,Scarborough,Restaurants,messis,97 harbord,fresh market
1996,Scarborough,Restaurants,madras palace,1249 ellesmere,indian
1996,Scarborough,Restaurants,korean village han kuk kwan restaurant,628 bloor w,korean
1996,Scarborough,Restaurants,al khaima dining theatre,767 dovercourt,lebanese
1996,Scarborough,Restaurants,new devi food,1877 lawerence av e,sri lankan
1996,Scarborough,Restaurants,bangkok garden restaurant,18 elm st,thai
1996,Scarborough,Restaurants,pho hoa restaurant,4271 sheppard av e,vietnamese
1996,Scarborough,Restaurants,pho hoa restaurant,47 four winds dr,vietnamese
1996,Scarborough,Restaurants,pho hoa restaurant,393 dundas w,vietnamese
1996,Scarborough,Restaurants,pho hoa restaurant,1177 central pkwy w,vietnamese
1996,Scarborough,Restaurants,curry & roti restaurant,1732 lawrence av e,west indian
1996,Scarborough,Restaurants,tree star,485 kennedy,west indian
2001,Scarborough,Restaurants,al-khaima dinner theatre,767 dovercourt,ethnic
2001,Scarborough,Restaurants,apinaya family rest,210 markham rd,ethnic
2001,Scarborough,Restaurants,bombay palace,795 markham rd,indian
2001,Scarborough,Restaurants,el sabil rest,2680 lawrence av e,ethnic
2001,Scarborough,Restaurants,indian motorcycle cafe & lounge,355 king w,indian
2001,Scarborough,Restaurants,kababish,1190 kennedy,ethnic
2001,Scarborough,Restaurants,oriental cuisine,1831 lawrence av e,ethnic
2001,Scarborough,Restaurants,pasupathy cillasa,3630 lawrence av e,sri lankan
2001,Scarborough,Restaurants,sadaghat rest,3342 danforth av e,ethnic
2001,Scarborough,Restaurants,saghar rest inc,1993 lawrence av e,south asian
2001,Scarborough,Restaurants,saravanabavan rest,2398 eglinton av e,south asian
2001,Scarborough,Restaurants,south asian malaysian cuisine,3380 midland ,ethnic
2001,Scarborough,Restaurants,tiffin rest,80 ellesmere,south asian
2001,Scarborough,Restaurants,indian flavour,595 bay,indian
2001,Scarborough,Restaurants,madras palace,1249 ellesmere,indian
2001,Scarborough,Restaurants,mount everest the,611 kingston rd w ,indian
2001,Scarborough,Restaurants,madras flavour,1175 victoria park,south asian
2001,Scarborough,Restaurants,madras mahal,286 markham rd,south asian
