Year,City,YP_Section,Name,Address,Cuisine
2006,Scarborough,Grocery-Retail,Aavs Super Stores Inc,3268 Finch E,
2006,Scarborough,Grocery-Retail,Al Ittihad Halal Meat and Groceries,1801 Lawrence Av E,
2006,Scarborough,Grocery-Retail,Al-Khair Supermarket,20 Nugget,ethnic
2006,Scarborough,Grocery-Retail,Al Mubrak Halal Meat,2183 Lawrence E,
2006,Scarborough,Grocery-Retail,Al-Mumtaz Butt Foods,14 Tower Dr,ethnic
2006,Scarborough,Grocery-Retail,Al-Mustafa Halal Meat & Grocery Ltd,357 Pitfield,
2006,Scarborough,Grocery-Retail,Al-quresh Foods,1879 Lawrence Av E,ethnic
2006,Scarborough,Grocery-Retail,aprozar fresh foods & veggies,3121 sheppard av e ,ethnic
2006,Scarborough,Grocery-Retail,aquino's mini bazaar,2588 Birchmount Rd,
2006,Scarborough,Grocery-Retail,arsan supermarket,790 military trl,
2006,Scarborough,Grocery-Retail,asian farm supermarket,3813 sheppard e,
2006,Scarborough,Grocery-Retail,aunti anita west indian supermarket,1195 birchmount,
2006,Scarborough,Grocery-Retail,azaad market,2653 eglinton av e,south asian
2006,Scarborough,Grocery-Retail,baksh halal meat,202 markham rd,
2006,Scarborough,Grocery-Retail,Bamburgh Food Mart,355 Bamburgh Cir,
2006,Scarborough,Grocery-Retail,batala supermarket,200 markham rd,
2006,Scarborough,Grocery-Retail,bombay bazaar,3601 lawrence av e,indian
2006,Scarborough,Grocery-Retail,Brother's supermarket,2683 lawrence av e,
2006,Scarborough,Grocery-Retail,Charley's West Indian Foods Ltd,1154 Morningside Av,
2006,Scarborough,Grocery-Retail,Charry's Fine Foods,1071 Danforth Rd,
2006,Scarborough,Grocery-Retail,Chung hing Supermarket,17 milliken,
2006,Scarborough,Grocery-Retail,Cliffcrest Foodtown Limited,2989 Kingston Rd,
2006,Scarborough,Grocery-Retail,Daisy Mart,2300 eglinton e,
2006,Scarborough,Grocery-Retail,Daisy Mart,5739 sheppard av e,
2006,Scarborough,Grocery-Retail,Daisy Mart,4865 Sheppard Av E,
2006,Scarborough,Grocery-Retail,danforth food market pharmacy,3051 pharmacy av,
2006,Scarborough,Grocery-Retail,Deena Halal Meat & Grocery,2680 Lawrence Av E,
2006,Scarborough,Grocery-Retail,dil bros west and east indian grocery store,4164 kingston rd,ethnic
2006,Scarborough,Grocery-Retail,Dominion Stores Inc,91 Rylander Bl,
2006,Scarborough,Grocery-Retail,Dominion Stores Inc,,
2006,Scarborough,Grocery-Retail,Dominion Stores Inc,,
2006,Scarborough,Grocery-Retail,Dominion Stores Inc,,
2006,Scarborough,Grocery-Retail,Dominion Stores Inc,,
2006,Scarborough,Grocery-Retail,Dominion Stores Inc,,
2006,Scarborough,Grocery-Retail,Dominion Stores Inc,,
2006,Scarborough,Grocery-Retail,Dominion Stores Inc,,
2006,Scarborough,Grocery-Retail,East End Tropical Market,287 morningside ,
2006,Scarborough,Grocery-Retail,embassy's conveniaence & groceries,5200 finch e,
2006,Scarborough,Grocery-Retail,eraa supermarket,2607 eglinton av e,sri lankan
2006,Scarborough,Grocery-Retail,Family Food Fair Convenience,2680 Lawrence Av E,
2006,Scarborough,Grocery-Retail,food basics,,
2006,Scarborough,Grocery-Retail,food basics,,
2006,Scarborough,Grocery-Retail,food basics,,
2006,Scarborough,Grocery-Retail,food basics,,
2006,Scarborough,Grocery-Retail,food depot supermarket,3331 sheppard av e,
2006,Scarborough,Grocery-Retail,fu yao supermarket,462 birchmount rd,
2006,Scarborough,Grocery-Retail,Ganesha Spicy Mart,3743 Lawrence Av E,south asian
2006,Scarborough,Grocery-Retail,Gemini Market,3208 eglinton av e,
2006,Scarborough,Grocery-Retail,G's Place,9390 Sheppard av e,
2006,Scarborough,Grocery-Retail,Habibula Habib,3874 Lawrence E,
2006,Scarborough,Grocery-Retail,Henley Food Market,1089 Kingston Rd,
2006,Scarborough,Grocery-Retail,Highland Creek Supermarket,362 Old Kingston,
2006,Scarborough,Grocery-Retail,Hong Tai Supermarket,4490 Sheppard E,
2006,Scarborough,Grocery-Retail,Hong Tai Supermarket,2555 Victoria Park,
2006,Scarborough,Grocery-Retail,India Town Food & Spices,641 Markham Rd,indian
2006,Scarborough,Grocery-Retail,Indian Groceries & Spices,1983 Lawrence Av E,indian
2006,Scarborough,Grocery-Retail,Indian Village Grocers Inc,5736 Finch E,indian
2006,Scarborough,Grocery-Retail,Jaffna Superstore Inc,1221 Markham Rd,sri lankan
2006,Scarborough,Grocery-Retail,KWS Trading Inc,1571 Sandhurst Cir,
2006,Scarborough,Grocery-Retail,Kabul Halal Meat & Supermarket,4403 Kingston Rd,
2006,Scarborough,Grocery-Retail,Karnaphuli Bazar,3234 Eglinton Av E,south asian
2006,Scarborough,Grocery-Retail,Kashmir Food,1073 Midland Av,south asian
2006,Scarborough,Grocery-Retail,Khan Halal Meat & Grocers,551 Markham Rd,
2006,Scarborough,Grocery-Retail,Kingston Grocers,271 Old Kingston,
2006,Scarborough,Grocery-Retail,Kingston Market,4379 Kingston Rd,
2006,Scarborough,Grocery-Retail,Karosh Fine Foods,1814 Pharmacy Av,
2006,Scarborough,Grocery-Retail,Lamshing Company,4211 Sheppard Av E,
2006,Scarborough,Grocery-Retail,Latin America Service,1352 Kennedy Rd,
2006,Scarborough,Grocery-Retail,Loblaws Supermarkets Limited,3401 Lawrence Av E,
2006,Scarborough,Grocery-Retail,Lone Tai Supermarket,2300 Lawrence Av E,
2006,Scarborough,Grocery-Retail,Lone Thai Supermarket,2300 Lawrence Av E,
2006,Scarborough,Grocery-Retail,Lourdes East & West,199 Markham Rd,
2006,Scarborough,Grocery-Retail,Lucky Dollar Food Centre (East),6099 Kingston Rd,
2006,Scarborough,Grocery-Retail,M Ibrahim & M Altaf ,4470 Kingston Rd,ethnic
2006,Scarborough,Grocery-Retail,Maxi & Co,1455 McCowan ,
2006,Scarborough,Grocery-Retail,Meat Express,328 Passmore,
2006,Scarborough,Grocery-Retail,Mirch Masala Groceries Inc,860 Markham Rd,south asian
2006,Scarborough,Grocery-Retail,Nasr Foods Inc,1996 Lawrence Av E,
2006,Scarborough,Grocery-Retail,Nethu NN Supermarket,3268 finch E,
2006,Scarborough,Grocery-Retail,New Kalyani Supermarket,3160 Eglinton Av E,indian
2006,Scarborough,Grocery-Retail,Newfoundland foods,1101 Victoria Park,
2006,Scarborough,Grocery-Retail,Nicey's Food Mart,60 Morecambe Gate,
2006,Scarborough,Grocery-Retail,Ohmsiva Trading,3852 Finch Av E,south asian
2006,Scarborough,Grocery-Retail,Oriental Giant Food Mart Inc,462 Birchmount,ethnic
2006,Scarborough,Grocery-Retail,Paran Trading,3500 McNicoll,
2006,Scarborough,Grocery-Retail,Pat East Market,1987 Lawrence Av E,
2006,Scarborough,Grocery-Retail,Patel's Cash and Carry,700 Markham Rd,ethnic
2006,Scarborough,Grocery-Retail,Poombugaar Supermarket,3607 Sheppard E,south asian
2006,Scarborough,Grocery-Retail,Prana Village Market,1668 Kingston,
2006,Scarborough,Grocery-Retail,Prasad Caribbean & Oriental Specialty Foods,4559 Sheppard E,ethnic
2006,Scarborough,Grocery-Retail,Prasad Caribbean & Oriental Specialty Foods,5818 Sheppard E,ethnic
2006,Scarborough,Grocery-Retail,Prem Grocery Fish And Meat,3857 Lawrence E,
2006,Scarborough,Grocery-Retail,Price Chopper,,
2006,Scarborough,Grocery-Retail,Price Chopper,,
2006,Scarborough,Grocery-Retail,Price Chopper,,
2006,Scarborough,Grocery-Retail,Price Chopper,,
2006,Scarborough,Grocery-Retail,Price Chopper,,
2006,Scarborough,Grocery-Retail,Price Chopper,,
2006,Scarborough,Grocery-Retail,Price Kutters Super Market,3245 Fince Av E,
2006,Scarborough,Grocery-Retail,Prince Supermarket,3502 Danforth Av,
2006,Scarborough,Grocery-Retail,Priya Supermarket,2304 Eglinton Av E,ethnic
2006,Scarborough,Grocery-Retail,RC West Indian Groceries & Take Out,1872 Kennedy Rd,
2006,Scarborough,Grocery-Retail,Royal Grocery,653 Victoria Park,
2006,Scarborough,Grocery-Retail,Royal Kerala Foods,1158 Warden,indian
2006,Scarborough,Grocery-Retail,Rubini East & West Indian Food Market,31 Tapscott Rd ,ethnic
2006,Scarborough,Grocery-Retail,Sai Traders Ltd,2499 Eglinton Av E,
2006,Scarborough,Grocery-Retail,San Down Market,,
2006,Scarborough,Grocery-Retail,Saravana's Market,1023 Markham Rd,ethnic
2006,Scarborough,Grocery-Retail,Scarborough Zabeeha Meat & Grocery Supplies,4800 Sheppard Av E,ethnic
2006,Scarborough,Grocery-Retail,Seaport Merchants,1101 Victoria Park,
2006,Scarborough,Grocery-Retail,Senley Supermarket Ltd,3280 Midland,
2006,Scarborough,Grocery-Retail,Shaeng Noong Super Market,4386 Sheppard E,
2006,Scarborough,Grocery-Retail,Shueng Thai Super Market,2684 Eglinton E,
2006,Scarborough,Grocery-Retail,Shueng Thai Super Market,1255 Markham Rd,
2006,Scarborough,Grocery-Retail,Shore Bazaar Supermarket,2978 Eglinton Av E,
2006,Scarborough,Grocery-Retail,Shore Supermarket,2978 Eglinton Av E,
2006,Scarborough,Grocery-Retail,Siraj Halal Meat & Grocery,840 Danforth,
2006,Scarborough,Grocery-Retail,Sobeys,1150 Morningside,
2006,Scarborough,Grocery-Retail,Sonargaon Food and Variety,3096 Danforth,
2006,Scarborough,Grocery-Retail,Soon Lee Supermarket,2401 Eglinton E,
2006,Scarborough,Grocery-Retail,Soon Lee Supermarket,629 Markham rd,
2006,Scarborough,Grocery-Retail,soon tat supermarket,2301 brimley rd,
2006,Scarborough,Grocery-Retail,Spice Town,3258 Lawrence Av E,
2006,Scarborough,Grocery-Retail,SPM Food market,2950 kennedy,
2006,Scarborough,Grocery-Retail,sun valley fruid & grocery ltd,468 danforth,
2006,Scarborough,Grocery-Retail,super bazar,1505 birchmount,south asian
2006,Scarborough,Grocery-Retail,svaad grocers,3301 mcnicoll ,
2006,Scarborough,Grocery-Retail,t&t supermarket inc,800 tapscott,
2006,Scarborough,Grocery-Retail,t and t supermarket milliken,5661 steeles av e,
2006,Scarborough,Grocery-Retail,taiko supermarket,250 alton towers cir,
2006,Scarborough,Grocery-Retail,Taj Supermarket,400 Sewells Rd,
2006,Scarborough,Grocery-Retail,thayagam makkal santhai,2950 birchmount,
2006,Scarborough,Grocery-Retail,the green spot,200 lee centre,
2006,Scarborough,Grocery-Retail,toluwa african foods & beauty products,,
2006,Scarborough,Grocery-Retail,tuxedo grocery,41 tuxedo crt,
2006,Scarborough,Grocery-Retail,uncle seth tropical foods,2069 lawrence e,
2006,Scarborough,Grocery-Retail,Uni Food Market,4466 Sheppard Av E,
2006,Scarborough,Grocery-Retail,V&S West Indies Grocery,1360 Danforth,
2006,Scarborough,Grocery-Retail,valu-Mart,123 Guildwood Pkwy,
2006,Scarborough,Grocery-Retail,variety retail,4280 kingston,
2006,Scarborough,Grocery-Retail,Video & Filipino Food Mart,80 Ellesmere Rd,
2006,Scarborough,Grocery-Retail,VSG Grocery Store,2296 Eglinton E,
2006,Scarborough,Grocery-Retail,West Indian Fine Foods & Fruit Market,3601 Lawrence Av E,
2006,Scarborough,Grocery-Retail,Win Weli Market,2250 Markham Rd,
2006,Scarborough,Grocery-Retail,Yarlnagar Traders,1239 Ellesmere,
2006,Scarborough,Grocery-Retail,Yarlton,2104 Bridletowne Cir,
2006,Scarborough,Grocery-Retail,Yarlton,2820 markham ,
2006,Scarborough,Grocery-Retail,ycl wholesale,150 milner av,
2006,Scarborough,Grocery-Retail,Yousaf Halal Meat Supermarket,685 Markham Rd,
2006,Scarborough,Grocery-Retail,Yousaf Halal Meat & Grocery,3226 Eglinton Av E,
2006,Scarborough,Grocery-Retail,Yousaf Halal Meat & Grocery,3873 Lawrence E,
2006,Scarborough,Grocery-Retail,Zabeeha Meat & Grocery Store,1536 Warden,
2006,Scarborough,Grocery-Retail,Zain's,11 Ivy Bush Av,ethnic
2006,Scarborough,Grocery-Retail,Zee India Ltd,748 Markham Rd,indian
2006,Scarborough,grocers-whole,Can-Roxy Trading Inc,55 Ironside Cr,
2006,Scarborough,grocers-whole,Caribbean & West Indian Grocery Wholesale,14 Jade,
2006,Scarborough,grocers-whole,Costco Wholesale,1411 Warden Av,
2006,Scarborough,grocers-whole,Dai Jung Distributing,55 Nugget,
2006,Scarborough,grocers-whole,Elite Traders,80 Nashdene,
2006,Scarborough,grocers-whole,Elite Trading,21 Consentino Dr,
2006,Scarborough,grocers-whole,Fairview Trading,20 Melhem Ct,
2006,Scarborough,grocers-whole,Fairview Trading Company,14 Hillden Sq,
2006,Scarborough,grocers-whole,Halal Meat & Super Market,234 Markham Rd,
2006,Scarborough,grocers-whole,Kingsdale Trading Co Ltd,77 Milliken Blvd,
2006,Scarborough,grocers-whole,Kissan International Canada Incorporated,2691 markham ,
2006,Scarborough,grocers-whole,leader food & nut importers ltd,28 skagway,
2006,Scarborough,grocers-whole,M&M Twins Limited,100 Dynamic Dr,
2006,Scarborough,grocers-whole,mo poon trading co ltd,5621 finch e,
2006,Scarborough,grocers-whole,shah impex inc,2691 markham ,
2006,Scarborough,grocers-whole,Thai Indochine Trading Inc,1 Turbina Avenue,
2006,Scarborough,grocers-whole,Thomson Groceries Limited,20 Wagstaff Dr,
2006,Scarborough,grocers-whole,Toronto Luen Hop Trading,60 Rolark Dr,
2006,Scarborough,grocers-whole,wealth dragon trading inc,80 barbados,
2006,Scarborough,grocers-whole,Wing May Trading Co Ltd,60 Weybright Crt,
2006,Scarborough,grocers-whole,Wong's Food Trading Co,63 Silver Star Blvd,
2006,Scarborough,grocers-whole,worldwide food distribution,130 fernstaff crt,
2006,Scarborough,Restaurants,A&W Area Restaurants,825 Middlefield Rd,
2006,Scarborough,Restaurants,A&W Restaurant,,
2006,Scarborough,Restaurants,A&W Restaurant,,
2006,Scarborough,Restaurants,A 1 Sweets Restaurant,3300 McNicoll Av,
2006,Scarborough,Restaurants,abc bakery shop,3618 victoria park,
2006,Scarborough,Restaurants,AKANE Japanese & Korean Restaurant,433 comstock,
2006,Scarborough,Restaurants,akash catering & take out,2116 bridletown cir,
2006,Scarborough,Restaurants,akiyama japanese restaurant,4771 steeles av e,
2006,Scarborough,Restaurants,Al Dente Ristorante Italiano,39 Main Street Markham N,
2006,Scarborough,Restaurants,Al Mac's Bar & Grill,2459 Kingston Rd,
2006,Scarborough,Restaurants,Ali Baba Cafe & Restaurant,1801 lawrence av e,ethnic
2006,Scarborough,Restaurants,All Star Bar & Eatery,4170 Kingston Rd,
2006,Scarborough,Restaurants,alleycatz,2409 yongue,
2006,Scarborough,Restaurants,ama sushi japanese restaurant,5516 lawrence e,
2006,Scarborough,Restaurants,amigo steak & seafood house,633 silver star blvd,
2006,Scarborough,Restaurants,ananda bawan restaurant,2778 Kennedy Rd,
2006,Scarborough,Restaurants,ange's restaurant,113 guildwood pkwy,
2006,Scarborough,Restaurants,Angie's,2647 Eglinton Av,
2006,Scarborough,Restaurants,anjappar chettinad restaurant,3090 kingston rd,
2006,Scarborough,Restaurants,arbys,scrbo town centre,
2006,Scarborough,Restaurants,arctic pizza & Restraurant,2183 lawrence e,
2006,Scarborough,Restaurants,arikato japanese & koren restaurant,9 glen watford,
2006,Scarborough,Restaurants,Arkadia House,2007 Eglinton Av E,
2006,Scarborough,Restaurants,arukumar visvalingam,5790 sheppard ave e,
2006,Scarborough,Restaurants,asian gourmet,3495 lawrence e,
2006,Scarborough,Restaurants,asian gourmet,1265 military trl,
2006,Scarborough,Restaurants,asian specialty,2301 brimley,
2006,Scarborough,Restaurants,astoria shish kebob house,390 danforth,
2006,Scarborough,Restaurants,azure,225 front st w,
2006,Scarborough,Restaurants,back in a hour bar & grlil,1 ellesmere,
2006,Scarborough,Restaurants,Bagel Basket,2834 Markham Rd,
2006,Scarborough,Restaurants,Bamboo De Chine Restaurant,2950 Birchmont Rd,
2006,Scarborough,Restaurants,Barberian's Steak House,7 Elm,
2006,Scarborough,Restaurants,Barclay's Steak & Seafood,1921 Lawrence Av E,
2006,Scarborough,Restaurants,beaver & firkin,16 lebovic,
2006,Scarborough,Restaurants,Bedrock Barny's Grill,3855 Lawrence Av E,
2006,Scarborough,Restaurants,Beef Noodle King,4271 Sheppard Av E,
2006,Scarborough,Restaurants,Benab Restaurant,2570 Eglinton E,
2006,Scarborough,Restaurants,Bendale Restaurant,3264 Lawrence Ave E,
2006,Scarborough,Restaurants,Benihana The Japanese Steakhouse,100 Front W,
2006,Scarborough,Restaurants,Bento Box Japanese Fast Food,1571 sandhurst,
2006,Scarborough,Restaurants,best biryani corner,3583 sheppard e,
2006,Scarborough,Restaurants,best szechuan cuisine,3601 victoria park,
2006,Scarborough,Restaurants,bicol express,85 ellesmere,
2006,Scarborough,Restaurants,big boy's burgers,2851 kingston,
2006,Scarborough,Restaurants,Big Pete's Restaurant & Bar,3406 Kingston Rd,
2006,Scarborough,Restaurants,Big Time sports bar,1157 Ellesmere,
2006,Scarborough,Restaurants,Birchmount Country Bar & Cactus Pete's,462 Birchmount Rd Scrb,
2006,Scarborough,Restaurants,black dog pub,87 island rd,
2006,Scarborough,Restaurants,Black Forest Steak House & Tavern,2624 Eglinton E,
2006,Scarborough,Restaurants,Blackhorn Dining Room,251 Ellesmere,
2006,Scarborough,Restaurants,blue danube restaurant and banquet,1686 ellesmere,
2006,Scarborough,Restaurants,Bluffer's Restaurant,7 Brimley S,
2006,Scarborough,Restaurants,Bo-Peep (Original) Family Restaurant & Catering Ltd,2277 Kingston Rd,
2006,Scarborough,Restaurants,bodega restaurant,30 baldwin,
2006,Scarborough,Restaurants,Bombay Palace ,795 Markham Rd,indian
2006,Scarborough,Restaurants,bon chicken,1154 Morningside Av,
2006,Scarborough,Restaurants,Boomers Bar & Grill,1347 Danforth,
2006,Scarborough,Restaurants,boston pizza,785 milner,
2006,Scarborough,Restaurants,boston pizza,400 progress,
2006,Scarborough,Restaurants,Boston Steak House,4433 Sheppard Av E,
2006,Scarborough,Restaurants,bourbon st grill,1 eglinton sq,
2006,Scarborough,Restaurants,bourbon st grill,300 borough dr,
2006,Scarborough,Restaurants,Break Cafe,305 Milner,
2006,Scarborough,Restaurants,brigadoon restaurant & bar,1009 victoria park,
2006,Scarborough,Restaurants,bukchon restaurant,4438 sheppard e,
2006,Scarborough,Restaurants,Burger King,10 Eglinton Av E,
2006,Scarborough,Restaurants,Burger King,740 Ellesmere Rd,
2006,Scarborough,Restaurants,Burger King,415 Danforth Rd,
2006,Scarborough,Restaurants,By The Bluffs Dining & Catering,3081 Kingston Rd,
2006,Scarborough,Restaurants,C J's Donuts & Diner,590 Ellesmere Rd,
2006,Scarborough,Restaurants,caddy's,2787 eglinton e,
2006,Scarborough,Restaurants,cafe sinai & restaurant,1801 lawrence e,
2006,Scarborough,Restaurants,cafeteria fried chicken,3096 danforth av,
2006,Scarborough,Restaurants,cajun bajun cafe,133 manville rd,
2006,Scarborough,Restaurants,calypso islands grill inc,300 borough,
2006,Scarborough,Restaurants,Can-Cey Restaurant,2817 Eglinton E,
2006,Scarborough,Restaurants,canton kitchen,633 silver star,
2006,Scarborough,Restaurants,canyon creek,430 progress,
2006,Scarborough,Restaurants,Capers On Location The Restaurant,793 Pharmacy Av,
2006,Scarborough,Restaurants,captain p diner,4218 lawrence e,
2006,Scarborough,Restaurants,caribbean cuisine,85 ellesmere rd,
2006,Scarborough,Restaurants,caribben extress,5633 fince e,
2006,Scarborough,Restaurants,Caribbean Flavour Restaurant and Bar Inc,880 Ellesmere Rd,
2006,Scarborough,Restaurants,caribbean iron pot take out,2854 Ellesmere Rd,
2006,Scarborough,Restaurants,Carman's Club Steak & Seafood,26 Alexander,
2006,Scarborough,Restaurants,casa imperial fine chinese cuisine,4125 stelles av e,
2006,Scarborough,Restaurants,Casey's Bar & Grill,10 Lebovic Av,
2006,Scarborough,Restaurants,Casey's Bar & Grill,37 willian kitchen rd,
2006,Scarborough,Restaurants,catering club,601 milner,
2006,Scarborough,Restaurants,catering srukabjab & indian take out food,5005 steeles av e,
2006,Scarborough,Restaurants,cecelia cafe,23 glen watford dr,
2006,Scarborough,Restaurants,Central Restaurant,2845 Lawrence Av,
2006,Scarborough,Restaurants,Channaman's Caribbean Corner,2480 Eglinton Av E,
2006,Scarborough,Restaurants,Chandra's Take Out Restaurant & Catering,201 Markham Rd,
2006,Scarborough,Restaurants,charley's caribbean cuisine,1154 Morningside Av,
2006,Scarborough,Restaurants,chef george manileneons cuisine,80 ellesmere,
2006,Scarborough,Restaurants,chennai chef,3517 kennedy,indian
2006,Scarborough,Restaurants,Chester Fried Chicken ,4190 kingston,
2006,Scarborough,Restaurants,Chick-n-joy,4449 Kingston Rd,
2006,Scarborough,Restaurants,Chick-N-Burger Drive-In,2203 Kingston Rd,
2006,Scarborough,Restaurants,chicken king seafood restaurant,4385 sheppard e,
2006,Scarborough,Restaurants,Chicken & Noodles Chinese Restaurant,1 Glen Watford Dr,
2006,Scarborough,Restaurants,chin chyn chinese & indian cuisine,2680 lawerence e,
2006,Scarborough,Restaurants,China Buffet King,22 Metropolitan,
2006,Scarborough,Restaurants,China Cottage Restaurant Inc, 80 Ellesmere Rd,
2006,Scarborough,Restaurants,china king garden restaurant,459 pharmacy av,
2006,Scarborough,Restaurants,Chinese Hut Restaurant,1876 Kennedy Rd,
2006,Scarborough,Restaurants,chiu chow man restaurant,3261 kennedy rd,
2006,Scarborough,Restaurants,Chopstick Foods,3300 Danforth Av,
2006,Scarborough,Restaurants,Chopsticks  Szechuan Chinese Restaurant,1163 Ellesmere,
2006,Scarborough,Restaurants,Cho's Wok Restaurant,2500 Eglinton Av,
2006,Scarborough,Restaurants,Chuan Bei Restaurant,633 silver star,
2006,Scarborough,Restaurants,Chuan Hsing Barbecue,633 silver star,
2006,Scarborough,Restaurants,chuen kee congee & noodle,2347 kennedy,
2006,Scarborough,Restaurants,chung moi chinese restaurant,2412 eglinton av e,
2006,Scarborough,Restaurants,cj's grill,1269 danforth,
2006,Scarborough,Restaurants,classic one jamaican restaurant & pub,2362 danforth av,
2006,Scarborough,Restaurants,CN Tower-360 Revolving Restaurant,301 Front W,
2006,Scarborough,Restaurants,Coalpot Restaurant & Bar,1837 Lawrence Av E,
2006,Scarborough,Restaurants,Coconut Junction Restaurant,1085 Bellamy N,
2006,Scarborough,Restaurants,coffee master's deli & donuts,98 island rd,
2006,Scarborough,Restaurants,coffee time donuts,77 progress,
2006,Scarborough,Restaurants,colombo bakers,1027 markham rd,
2006,Scarborough,Restaurants,Corner Diner,670 Coronation Dr,
2006,Scarborough,Restaurants,Congee King Restaurant,4271 Sheppard Av E,
2006,Scarborough,Restaurants,Cosy Hungarian DIning Room,2448 Kingston,
2006,Scarborough,Restaurants,Country Style Donuts,1519 Birchmount East,
2006,Scarborough,Restaurants,Country Style Donuts,4200 Sheppard Av E,
2006,Scarborough,Restaurants,Country Style Donuts,1585 warden,
2006,Scarborough,Restaurants,country style 445,136 orton park,
2006,Scarborough,Restaurants,court yard restaurant yorkville,121 yorkville,hungarian
2006,Scarborough,Restaurants,CUrry & Roti Restaurant,1732 Lawrence Av E,
2006,Scarborough,Restaurants,D & R Wing's Restaurant,325 Bamburgh Cir,
2006,Scarborough,Restaurants,daily needs take out & catering,2537 pharmacy av,
2006,Scarborough,Restaurants,dairy queen canada,2924 sheppard av,
2006,Scarborough,Restaurants,dakao ,4219 sheppard av e,
2006,Scarborough,Restaurants,dannys jerkhut,2140 kipling av,
2006,Scarborough,Restaurants,Darlyn's Restaurant,1154 Morningside Av,
2006,Scarborough,Restaurants,Daybreak Restaurant,4016 Finch Av E,
2006,Scarborough,Restaurants,delhi darbar,209 ellesmere,
2006,Scarborough,Restaurants,desert restaurant,633 silver star,
2006,Scarborough,Restaurants,desi food & more,55 nugget,
2006,Scarborough,Restaurants,destiny bubble tea,633 silver star,
2006,Scarborough,Restaurants,diamond pizza,1349 danforth,
2006,Scarborough,Restaurants,diannah's island,1265 morningsid,
2006,Scarborough,Restaurants,Dick'N Jane Chicken & Shrimp,2131 Lawrence Av E,
2006,Scarborough,Restaurants,Dickens Cafe On Finch,4188 Finch,
2006,Scarborough,Restaurants,Dick'N Jane Chicken & Shrimp,240 alton towers cir,
2006,Scarborough,Restaurants,dim light restaurant & sports bar,200 bellamy rd n,
2006,Scarborough,Restaurants,dong ming cun inc,4190 fince av e ,
2006,Scarborough,Restaurants,Dragon Dynasty Chinese Cuisine,2301 Brimley,
2006,Scarborough,Restaurants,dragon fantasy restaurant,3601 Victoria Park Av,
2006,Scarborough,Restaurants,dragon gourmet,4630 kingston,
2006,Scarborough,Restaurants,druxy's famous deli sandwiches,scarborough town centre,
2006,Scarborough,Restaurants,dumpling king,3290 midland,
2006,Scarborough,Restaurants,dumpling village,25 Glen Watford Dr ,
2006,Scarborough,Restaurants,duncan house fine dining,125 moatfield dr,
2006,Scarborough,Restaurants,dynasty restaurant,3210 danforth av,
2006,Scarborough,Restaurants,east gate restaurant,2268 kingston rd,
2006,Scarborough,Restaurants,East Side Mario's,12 Lebovic Av,
2006,Scarborough,Restaurants,eastern twist corp,501 passmore av,
2006,Scarborough,Restaurants,eatside congee noodle,250 alton towers cir,
2006,Scarborough,Restaurants,eddy's steak house,8199 yonge,
2006,Scarborough,Restaurants,Elegantview Chinese Restaurant,3601 Victoria Park Av,
2006,Scarborough,Restaurants,el sabil restaurant,2680 lawrence av e,
2006,Scarborough,Restaurants,elton chinese restaurant,250 alton towers cir,
2006,Scarborough,Restaurants,embassy restaurant,5210 finch e,
2006,Scarborough,Restaurants,embers the banquet specialists,781 warden,
2006,Scarborough,Restaurants,enjoy cuisine,685 kennedy,
2006,Scarborough,Restaurants,epic,100 front st w,
2006,Scarborough,Restaurants,esberanza's pancitan,3260 lawrence e,
2006,Scarborough,Restaurants,esquire restaurant,2581 victoria park,
2006,Scarborough,Restaurants,essquibo bar & grill,3101 kingston,
2006,Scarborough,Restaurants,Excellent Cafe,3850 Finch Av E,
2006,Scarborough,Restaurants,fah nam restaurant,462 birchmount,
2006,Scarborough,Restaurants,fairview seafood chinese cuisine,5103 sheppard,
2006,Scarborough,Restaurants,Fantasy Eatery,3320 Midland Av,
2006,Scarborough,Restaurants,Farhat Restaurant,2020 Lawrence Av E,ethnic
2006,Scarborough,Restaurants,fast fresh foods,199 stn commerce court,
2006,Scarborough,Restaurants,Fazio's Restaurant Corp Ltd,33 Simcoe S,
2006,Scarborough,Restaurants,filipion caribbean restaur,420 dawes,
2006,Scarborough,Restaurants,Fish House,2035 Sheppard E,
2006,Scarborough,Restaurants,Fish Joy,1179 Brimley,
2006,Scarborough,Restaurants,fisherman villa,25 glen watford dr,
2006,Scarborough,Restaurants,flavahs of the caribbean,3340 lawerence e,
2006,Scarborough,Restaurants,flavor king szechuan hot pot,4186 fince e,
2006,Scarborough,Restaurants,Flipper's FIsh House,2300 Lawrence Av E,
2006,Scarborough,Restaurants,food jungle,8 glen watford dr,
2006,Scarborough,Restaurants,formosa,1921 eglinton av e,
2006,Scarborough,Restaurants,fortune seafood restaurant,3833 midland,
2006,Scarborough,Restaurants,Fortune Stone Express,355 Bamburgh Circle,
2006,Scarborough,Restaurants,Fossil & Haggas Pub & Grub,790 Military Tr ,
2006,Scarborough,Restaurants,4 Friends,2118 Bridletown Cir,
2006,Scarborough,Restaurants,fox and fiddle ,1957 kennedy,
2006,Scarborough,Restaurants,Frankie Tomatto's,7225 Woodbine,
2006,Scarborough,Restaurants,Friendly Greek,2555 victoria park,
2006,Scarborough,Restaurants,Full House Congee & Noodle,4188 Finch Av E,
2006,Scarborough,Restaurants,G In Restaurant,4186 Finch Av,
2006,Scarborough,Restaurants,Gasa Restaurant,2950 Kennedy Rd,
2006,Scarborough,Restaurants,Gasa Restaurant,2818 markham rd,
2006,Scarborough,Restaurants,George's Drive-In,840 Markham Rd,
2006,Scarborough,Restaurants,georgetown pub,1331 warden av,
2006,Scarborough,Restaurants,georgy porgys,1448 lawrence av e,
2006,Scarborough,Restaurants,ghareeb nawaz,1071 danforth rd,pakistan
2006,Scarborough,Restaurants,ghareeb nawaz,234 markham rd,pakistan
2006,Scarborough,Restaurants,Gold Ribbom Bakery Caf & Take-Out,3477 Kennedy Rd,
2006,Scarborough,Restaurants,golden bbq restaurant,633 silver star bl,
2006,Scarborough,Restaurants,golden dish restaurant,4379 kingston rd,
2006,Scarborough,Restaurants,golden elephant,4733 steeles av e,
2006,Scarborough,Restaurants,Golden Good's Co Ltd,19 Miliken Blvd,
2006,Scarborough,Restaurants,Golden Griddle Family Restaurants,10 Milner Business Court,
2006,Scarborough,Restaurants,golden river malaysian cuisine,3280 Midland Av,
2006,Scarborough,Restaurants,Golden Seven Chinese Cuisine,3309 Sheppard Av E,
2006,Scarborough,Restaurants,golf and luck restaurant,1375 Danforth Rd,
2006,Scarborough,Restaurants,good deal super buffet,2692 eglinton av e,
2006,Scarborough,Restaurants,good deal super buffet,1221 markham rd,
2006,Scarborough,Restaurants,Good Luck Chinese Restaurant,2432 Eglinton Av E,
2006,Scarborough,Restaurants,good 2 go jamaican restaurant & bar,10 melford dr,
2006,Scarborough,Restaurants,gourmet garden restaurant,4465 sheppard av e,
2006,Scarborough,Restaurants,Gramps & Elaine Roti Place Restaurant,3095 Eglinton Av E,
2006,Scarborough,Restaurants,grand leaf cuisine,325 bamburgh cir n,
2006,Scarborough,Restaurants,great canadian bagel ,1970 eglinton av e,
2006,Scarborough,Restaurants,great shanghai restaurant,250 alton towers cir,
2006,Scarborough,Restaurants,great well fast food,8 glen watford dr,
2006,Scarborough,Restaurants,Greek Odyssey ,1415 Kennedy Rd,
2006,Scarborough,Restaurants,Greek Tycoon Restaurant,1101 Brock S,
2006,Scarborough,Restaurants,Green Bamboo Restaurant,4219 Sheppard Av E,
2006,Scarborough,Restaurants,Green Island Cuisine,30 Dean Park Rd,
2006,Scarborough,Restaurants,Green Island Cuisine,4352 kingston rd,
2006,Scarborough,Restaurants,green life cafe,1255 sheppard e,
2006,Scarborough,Restaurants,green n'sprouts,1371 neilson,
2006,Scarborough,Restaurants,green tea restaurant,127 island rd,
2006,Scarborough,Restaurants,green tomato cafe (vegetarian),25 Slan Av,
2006,Scarborough,Restaurants,green willow village restaurant,1883 McNicoll Av,
2006,Scarborough,Restaurants,grill & grape at cullen gardens,300 taunton w whitby,
2006,Scarborough,Restaurants,Gu Mi Japanese & Korean Restaurant,1801 Lawrence Av E,
2006,Scarborough,Restaurants,Guildwood grill & bar,3730 kingston rd,
2006,Scarborough,Restaurants,Halal Pizza & Chicken,3160 Eglinton Av E,
2006,Scarborough,Restaurants,Halal Pizza Time & Restaurant,561 Markham Rd,
2006,Scarborough,Restaurants,Han Kang Restaurant,3113 Sheppard Av E,
2006,Scarborough,Restaurants,happy take out & catering,4567 sheppard e,
2006,Scarborough,Restaurants,Happy Wok,2301 Brimley Rd,
2006,Scarborough,Restaurants,Happyland Restaurant,3218 Eglinton E,
2006,Scarborough,Restaurants,Harry's Drive-In,2280 Lawrence Av E,
2006,Scarborough,Restaurants,harvey's home depot,428 ellesmere,
2006,Scarborough,Restaurants,Harvey's Restaurants,2310 Lawrence Av E,
2006,Scarborough,Restaurants,Harvey's Restaurants,1448 lawrence av,
2006,Scarborough,Restaurants,Harvey's Restaurants,toronto zoo,
2006,Scarborough,Restaurants,Harvey's Restaurants,853 milner,
2006,Scarborough,Restaurants,Harvey's Restaurants,60 tuxedo crt,
2006,Scarborough,Restaurants,Harvey's Restaurants,2911 eglinton,
2006,Scarborough,Restaurants,Harvey's Restaurants,426 ellesmere,
2006,Scarborough,Restaurants,Harvey's Restaurants,60 grand marshall dr,
2006,Scarborough,Restaurants,hercules greek cuisine,3495 lawrence av e,
2006,Scarborough,Restaurants,hk express,5661 steeles av e,
2006,Scarborough,Restaurants,Ho Garden Restaurant Inc,240 Alton Towers Cir,
2006,Scarborough,Restaurants,ho lee chow,,
2006,Scarborough,Restaurants,hokkai ya ,395 bamburgh cir,
2006,Scarborough,Restaurants,Home Burger ,1 Centrest Scrb,
2006,Scarborough,Restaurants,honey cafe,633 silver star,
2006,Scarborough,Restaurants,Hong Kong Express,1571 Sandhurst Cir,
2006,Scarborough,Restaurants,Hopper Hut,880 Ellesmere Rd,
2006,Scarborough,Restaurants,host fine indian cuisine,14 prince arthur,indian
2006,Scarborough,Restaurants,Hot Pot City Chinese Restaurant,3280 Midland Av,
2006,Scarborough,Restaurants,hot roti hut,3230 eglinton e,
2006,Scarborough,Restaurants,house of chan steak'n lobster dining lounge,876 eglinton w,
2006,Scarborough,Restaurants,Hy's Steak House,120 adelaide st w,
2006,Scarborough,Restaurants,I Maid Cafe,1883 McNicoll Av,
2006,Scarborough,Restaurants,Ibrahim Pizza & Bbq,1967 lawrence e,
2006,Scarborough,Restaurants,Ichiban Fish Market,3517 Kennedy Rd,
2006,Scarborough,Restaurants,ikki sushi japanese & cuisine,2328 kingston rd,
2006,Scarborough,Restaurants,imogine caribbean catering,773 warden av,
2006,Scarborough,Restaurants,imperial buffet,24 lebovic av,
2006,Scarborough,Restaurants,imperial garden restaurant,4810 sheppard,
2006,Scarborough,Restaurants,Irie fish & Veggie West Indian Food Take Out,461 Pharmacy Av,
2006,Scarborough,Restaurants,island bakery & take-out,3260 eglinton av e,
2006,Scarborough,Restaurants,island desire restaurant & bar,3045 kingston rd,
2006,Scarborough,Restaurants,island flavour ,3867 lawrence e,
2006,Scarborough,Restaurants,island spice inc,383 pitfield,
2006,Scarborough,Restaurants,j & sophies place,2623 lawrence av e,
2006,Scarborough,Restaurants,j walton taps & grill,323 danforth,
2006,Scarborough,Restaurants,jj chinese restaurant,1001 sandhurst cir,
2006,Scarborough,Restaurants,jjj jerk restaurant,2478 kingston rd,
2006,Scarborough,Restaurants,ja hamburgers,2832 victoria park,
2006,Scarborough,Restaurants,james blackbear pub,3276 danforth av,
2006,Scarborough,Restaurants,jamrock's island grill,1131 markham rd,
2006,Scarborough,Restaurants,jennif takeout,3480 lawrence e,
2006,Scarborough,Restaurants,Jerk King Canada,4457 Kingston Rd,
2006,Scarborough,Restaurants,jesse jr,1060 kennedy rd,
2006,Scarborough,Restaurants,jimmy the greek,scarborough town centre,
2006,Scarborough,Restaurants,joe & lin restaurant,2306 eglinton av e,
2006,Scarborough,Restaurants,joe maggiano's italian steakhouse & bar,2450 sheppard av e,
2006,Scarborough,Restaurants,Joe's Kitchen,3 Chelwood,
2006,Scarborough,Restaurants,Joey Bravo's Italian Restaurant,4505 Sheppard Av E,
2006,Scarborough,Restaurants,Johnny's Shawarma,1904 Kennedy Rd,
2006,Scarborough,Restaurants,Jolly Fast Food,4227 Sheppard Av E,
2006,Scarborough,Restaurants,joy fortune chinese cuisine,3453 victoria park,
2006,Scarborough,Restaurants,judy chinese cuisine,3838 midland,
2006,Scarborough,Restaurants,jumbo hamburger,629 pharmacy av,
2006,Scarborough,Restaurants,jung sushi,1979 lawrence av e,
2006,Scarborough,Restaurants,kc bar & grill,10 lebovic av e,
2006,Scarborough,Restaurants,KC McFly's,1717 Victoria Park,
2006,Scarborough,Restaurants,ka wor yue bbq,3290 midland av,
2006,Scarborough,Restaurants,kabhie kabhie,4352 kingston rd,
2006,Scarborough,Restaurants,kalan chow restaurant,2528 eglinton av e,
2006,Scarborough,Restaurants,Kally's Restaurants & Banquet Rooms,430 Nugget Av ,
2006,Scarborough,Restaurants,kam fai 38 restaurant,5005 steeles av e,
2006,Scarborough,Restaurants,kamalig fast food,4465 sheppard e,
2006,Scarborough,Restaurants,kamalid fast food,4465 sheppard e,
2006,Scarborough,Restaurants,kanga take out restaurant,1179 victoria park,
2006,Scarborough,Restaurants,kanlesh & lolitta modia o/a saililia khanan dhokla,870 markham rd,
2006,Scarborough,Restaurants,Keg Restaurants Ltd,60 Estate Dr,
2006,Scarborough,Restaurants,Kelsey's ,1972 eglinton ave e,
2006,Scarborough,Restaurants,Kelsey's ,3100 Steeles E,
2006,Scarborough,Restaurants,Kelsey Restaurant,50 cinemart dr,
2006,Scarborough,Restaurants,Kelsey Restaurant,1235 mccowan,
2006,Scarborough,Restaurants,Ken Japanese Cuisine,4002 Sheppard Av E,
2006,Scarborough,Restaurants,Kenny's Noodle ,4227 Sheppard Av E,
2006,Scarborough,Restaurants,Kenny's Noodle ,4733 Steeles Ave,
2006,Scarborough,Restaurants,Keung Kee Restaurant,3300 Midland,
2006,Scarborough,Restaurants,KFC Taco Bell,2900 Warden Av,
2006,Scarborough,Restaurants,Kim Asia Cuisine,6 St Andrw,
2006,Scarborough,Restaurants,Kimlink Haka Chinese,2173 Lwarence Av,
2006,Scarborough,Restaurants,King Georges Arm,2501 Victoria Park,
2006,Scarborough,Restaurants,King's Congee & Noodle House,4192 Sheppard,
2006,Scarborough,Restaurants,Kiss Karaoke,1981 Lawrence E,
2006,Scarborough,Restaurants,Kitty Campbellville Restaurant & Bar,1055 Midland,
2006,Scarborough,Restaurants,Kiya Japanese Restaurant,633 silver star,
2006,Scarborough,Restaurants,kobo japanese restaurant,512 kingston rd,
2006,Scarborough,Restaurants,komala's Restuarant,5651 Steeles Av,ethnic
2006,Scarborough,Restaurants,Korean Barbecure Restaurant Ltd,3280 Midland,
2006,Scarborough,Restaurants,Korean Village Han Kuk Kwan Restaurant,628 Bloor W,
2006,Scarborough,Restaurants,Koya of Japan,Scarborough Town Center,
2006,Scarborough,Restaurants,Kum Hong BBQ Restaurant,2094 Brimley Rd,
2006,Scarborough,Restaurants,Kwality Pizza & Wings,4190 Kingston rd,
2006,Scarborough,Restaurants,kwality sweets,2150 steeles e,
2006,Scarborough,Restaurants,L&J Restaurant,2302 Eglinton E,
2006,Scarborough,Restaurants,la sania restaurant,3227 eglinton,
2006,Scarborough,Restaurants,lazeez meditarian restaurant,2555 vicotria park,
2006,Scarborough,Restaurants,le cafe michi,1802 pharmacy av,
2006,Scarborough,Restaurants,lemongrass scarborough,633 silver star,
2006,Scarborough,Restaurants,Libery Restaurant & Bar,2883 Lawrence Av E,
2006,Scarborough,Restaurants,lin garden restaurant,1806 pharmacy av,
2006,Scarborough,Restaurants,ling's taste,7 progressive av,
2006,Scarborough,Restaurants,Little Bavaria Restaurant,3222 Eglinton Ave E,
2006,Scarborough,Restaurants,little orchie restaurant & bar,1176 kennedy rd,
2006,Scarborough,Restaurants,london style fish & chips,300 borough dr,
2006,Scarborough,Restaurants,loreens west indian take out,619 mccowan,
2006,Scarborough,Restaurants,lotuspond vegetarian restaurant,3838 midland,
2006,Scarborough,Restaurants,Lucky Lin's Restaurant Inc,226 Markham Rd,
2006,Scarborough,Restaurants,lucky sports bar,4379 kingston rd,
2006,Scarborough,Restaurants,Lung Tung BBQ Food,4227 Sheppard Av E,
2006,Scarborough,Restaurants,M&F fastfood t akeout,200 bellamy rd n,
2006,Scarborough,Restaurants,MR burger,5745 finch e,
2006,Scarborough,Restaurants,M&S restaurant,462 birchmount,
2006,Scarborough,Restaurants,macdonald resaurant,22240 markham rd,
2006,Scarborough,Restaurants,macmacaankaa sinaay donuts & restuarant,1801 lawrence av,ethnic
2006,Scarborough,Restaurants,macsushi,300 borough dr,
2006,Scarborough,Restaurants,madras & hyderabad mahal,285 markham rd,indian
2006,Scarborough,Restaurants,madras palace,1249 ellesmere,indian
2006,Scarborough,Restaurants,major milliken pub & eatery,7710 kennedy rd,
2006,Scarborough,Restaurants,maloney's tavern,117 ellesmere,
2006,Scarborough,Restaurants,malvern cafe,1333 neilson,
2006,Scarborough,Restaurants,Mama's Falafel,1060 Kennedy Rd,
2006,Scarborough,Restaurants,man cheong congee noodle,4400 sheppard av e,
2006,Scarborough,Restaurants,Manchu Wok,1 Eglinton Sq,
2006,Scarborough,Restaurants,Mandalay Restaurant,3478 Lawrence Av E,
2006,Scarborough,Restaurants,Mandarin Restaurant,2206 Eglinton Av E,
2006,Scarborough,Restaurants,manpasand indian cuisine,5651 steeles av e,
2006,Scarborough,Restaurants,mansion karaoke bar & restaurant,646 danforth,
2006,Scarborough,Restaurants,Maple Garden,30 Dean Park Rd,
2006,Scarborough,Restaurants,Maple Yip Seafood,4227 Sheppard E,
2006,Scarborough,Restaurants,Mardi Gras Restaurant & Tavern,777 Warden,
2006,Scarborough,Restaurants,Massey's,774 liverpool,
2006,Scarborough,Restaurants,mateen food,4800 sheppard e,
2006,Scarborough,Restaurants,max cafe bar & grill,1515 birchmount,
2006,Scarborough,Restaurants,mediterranean pizza & grill,20 nugget,
2006,Scarborough,Restaurants,Mei CHuen Fast Food Restaurant,3301 McNicoll,
2006,Scarborough,Restaurants,mekeni foods,3430 sheppard,
2006,Scarborough,Restaurants,memories of japan,900 don mills rd,
2006,Scarborough,Restaurants,mezbaan,400 sewells rd,
2006,Scarborough,Restaurants,mezbaan,2231 victoria mark,
2006,Scarborough,Restaurants,Michelangelo Fine Italian Cuisine,1910 Gerrard E,
2006,Scarborough,Restaurants,Midland Court Restaurant,3380 midland,
2006,Scarborough,Restaurants,mikado japanese restaurant,114 laird dr,
2006,Scarborough,Restaurants,mileston's grill & bar,300 Borough Dr,
2006,Scarborough,Restaurants,Ming's Noodle,4227 Sheppard Av E,
2006,Scarborough,Restaurants,Ming's Noodle,3447 kennedy,
2006,Scarborough,Restaurants,Mister Chop SUey,1873 Lawrence Av E,
2006,Scarborough,Restaurants,mom n paps,1165 victoria park,
2006,Scarborough,Restaurants,mona's roti-caribbean food,4810 sheppard,
2006,Scarborough,Restaurants,Montana's Cookhouse,41 Milner Av,
2006,Scarborough,Restaurants,moonlight caribbean restaurant,1801 lawrence av,
2006,Scarborough,Restaurants,mount everest,611 Kingston Rd,Indian
2006,Scarborough,Restaurants,Mr Foo,5661 Steeles Av,
2006,Scarborough,Restaurants,mr halibut fish & chips,4730 kingston rd,
2006,Scarborough,Restaurants,Mr Jerk,1166 Morningside,
2006,Scarborough,Restaurants,Mr Zee's Bar & Eatery,1523 Birchmount ,
2006,Scarborough,Restaurants,Mrs Vanelli's Pizza & Italian Foods,1 eglinton sq,
2006,Scarborough,Restaurants,nama Indian Cuisine,2446 Kingston Rd,Indian
2006,Scarborough,Restaurants,Nanas restaurant pub,4286 kingston,
2006,Scarborough,Restaurants,Nasib's,1867 Lawrence Av E,ethnic
2006,Scarborough,Restaurants,Neon Coffee Shop,706 Danforth Av,
2006,Scarborough,Restaurants,Neptune's Cove Steak & Seafood House,Bayview Village,
2006,Scarborough,Restaurants,new elite restaurant,19 milliken,
2006,Scarborough,Restaurants,new roti supreme restaurant,2797 eglinton,
2006,Scarborough,Restaurants,new shanghai village,3290 midland,
2006,Scarborough,Restaurants,New Sun BBQ Restaurant,3833 Midland Av,
2006,Scarborough,Restaurants,new taste chinese food,3850 sheppard,
2006,Scarborough,Restaurants,new york fries,stc,
2006,Scarborough,Restaurants,ni ji sushi,1095 ellesmere,
2006,Scarborough,Restaurants,Nicey's Take-Out,54 Morecambe Gate,
2006,Scarborough,Restaurants,Nick's Coffee Shop,2055 Kennedy Rd,
2006,Scarborough,Restaurants,Niko's Restaurant,155 morningside,
2006,Scarborough,Restaurants,19 toppoing free pizza,2555 eglinton,
2006,Scarborough,Restaurants,nite cap's bar & grill,4528 kingston,
2006,Scarborough,Restaurants,nun such jerk,2300 lawrence,
2006,Scarborough,Restaurants,oasis caribbean restaurant,2938 eglinton,
2006,Scarborough,Restaurants,oasis juice bar,1961 lawrence,
2006,Scarborough,Restaurants,og restaurant,3342 Danforth Av,
2006,Scarborough,Restaurants,old capital hot pot,4271 Sheppard Av E,
2006,Scarborough,Restaurants,Old Scott House,520 Progress Av,
2006,Scarborough,Restaurants,olde stone cottage pub & patio,3750 kingston,
2006,Scarborough,Restaurants,olives resaurant & bar,2900 warden av,
2006,Scarborough,Restaurants,on on ,3244 danforth av,
2006,Scarborough,Restaurants,on the rocks sports bar & grill,693 markham,
2006,Scarborough,Restaurants,orchid garden deli & grill,3850 sheppard av e,
2006,Scarborough,Restaurants,oriental century palace chinese restaurant,4438 sheppard,
2006,Scarborough,Restaurants,oriental cuisine,1831 lawrence av e,
2006,Scarborough,Restaurants,Oriental Food Delights,4188 Finch E,
2006,Scarborough,Restaurants,oriental gourmet chiuchow,633 islverstar,
2006,Scarborough,Restaurants,oritinal congee,5661 stelles,
2006,Scarborough,Restaurants,original motercylce cafe & lounge,355 king w,
2006,Scarborough,Restaurants,owl of minerva,5661 steeles av e,
2006,Scarborough,Restaurants,oxford pop restaurants,2691 eglinton av e,
2006,Scarborough,Restaurants,pablo's jerk and fish specialists,1344 kennedy,
2006,Scarborough,Restaurants,paladar latino,1354 kennedy,
2006,Scarborough,Restaurants,pamir restaurant,1585 ellesmere,ethnic
2006,Scarborough,Restaurants,passmore famous deli,501 passmore,
2006,Scarborough,Restaurants,pauspathy villasa ,3630 lawrence ave,South Asian
2006,Scarborough,Restaurants,patna kabab house,1885 lawrence e,ethnic
2006,Scarborough,Restaurants,patty time,2919 lawrence,
2006,Scarborough,Restaurants,paul kee open kitchen,2950 birchmoun,
2006,Scarborough,Restaurants,Paul Wong Fine CHinese Cuisine,376 Kingston Rd,
2006,Scarborough,Restaurants,Peking Garden Restaurant,4532 Kingston Rd,Chinese
2006,Scarborough,Restaurants,Perfect Chinese Restaurant Ltd,4386 Sheppard Av E,
2006,Scarborough,Restaurants,Pho Hoa Restaurant,4271 Sheppard Av E,
2006,Scarborough,Restaurants,pho saigon restaurant,1921 eglinton e,
2006,Scarborough,Restaurants,pho veitnam family restaurant,1280 kennedy,
2006,Scarborough,Restaurants,pho 88 vietnamese restaurant,325 Bamburgh Cir,
2006,Scarborough,Restaurants,piazza manna,100 consilium pl,
2006,Scarborough,Restaurants,pickle barrel restaurant,5941 leslie,
2006,Scarborough,Restaurants,ping hueng bbq house,21010 brimley rd,
2006,Scarborough,Restaurants,pita pit,1975 kennedy,
2006,Scarborough,Restaurants,pizza lamore,3110 kingston rd,
2006,Scarborough,Restaurants,port union fish & chips,65 rylander,
2006,Scarborough,Restaurants,prague restaurant,450 scarborough golf club,
2006,Scarborough,Restaurants,Purdy's Restaurant & Pub,6091 Kingston Rd,
2006,Scarborough,Restaurants,quality food,204 markham rd,
2006,Scarborough,Restaurants,quarry cafe,2560 gerrard e,
2006,Scarborough,Restaurants,R & J Cafe Ltd,3833 Midland Av,
2006,Scarborough,Restaurants,raja sagaram,2633 eglinton av e,sri lankan
2006,Scarborough,Restaurants,rajin's west indian take out,5743 finch e,
2006,Scarborough,Restaurants,Real McCoy Charcoal Burger,1033 Markham Rd,
2006,Scarborough,Restaurants,red chili chinese restaurant,4771 steeles av e,
2006,Scarborough,Restaurants,Reicoh Restaurant & Take Out,5210 Finch E,
2006,Scarborough,Restaurants,Remezzo Italian Bistro,3335 Sheppard AvE,
2006,Scarborough,Restaurants,restaurant ameer,2034 lawerence av e,
2006,Scarborough,Restaurants,restaurant chinese buffet,3785 kingston rd,
2006,Scarborough,Restaurants,resto pappadums,3591 sheppard av e,
2006,Scarborough,Restaurants,rex saigon buffet restaurant,2900 eglinton e,
2006,Scarborough,Restaurants,romeos pizza resaurant,1723 lawrence av e,
2006,Scarborough,Restaurants,roosters ribhouse,4630 kingston rd,
2006,Scarborough,Restaurants,Roti Boys,3007 Sheppard Av E,
2006,Scarborough,Restaurants,Roti & Pelau,15 Lapsley Rd,
2006,Scarborough,Restaurants,Route 66 Roadside Grill & Bar,Eglinton Sq,
2006,Scarborough,Restaurants,royal chinese bbq,110 dynamic dr,
2006,Scarborough,Restaurants,royal chinese restaurant,1571 Sandhurst Circle,
2006,Scarborough,Restaurants,Ruby Chinese Restaurant Ltd,1571 Sandhurst Cir,
2006,Scarborough,Restaurants,ruth's chris steak house,145 richmond w,
2006,Scarborough,Restaurants,saghar restaurant inc,19993 lawrence e,South Asian
2006,Scarborough,Restaurants,salinin inc,2532 eglinton av e,
2006,Scarborough,Restaurants,salvatore's find dinin,260 markham rd,
2006,Scarborough,Restaurants,Sam May Chinese BBq Food,4465 Sheppard Av E,
2006,Scarborough,Restaurants,Sam Woo BBQ ,375 Bamburgh Cir,
2006,Scarborough,Restaurants,Sam Woo Seafood Restaurant,325 Bamburgh Cir,
2006,Scarborough,Restaurants,sandwich time,2859 kingston rd,
2006,Scarborough,Restaurants,sankee restaurant,1001 sandurst cir,
2006,Scarborough,Restaurants,sanson's restaurant,1215 ellesmere,
2006,Scarborough,Restaurants,sapporo ichnam sushi restaurant,250 alton towers cir,
2006,Scarborough,Restaurants,saravanaa bhavan,1571 Sandhurst Cir,
2006,Scarborough,Restaurants,scarmouche restaurant pasta bar & grill,1 Benvenuto Place,
2006,Scarborough,Restaurants,scarborough grand seafood restaurant,23 glen watford,
2006,Scarborough,Restaurants,scarborough hong kong bay seafood,2598 birchmount,
2006,Scarborough,Restaurants,school fine dining,1421 14th av,
2006,Scarborough,Restaurants,scott house,520 prgressive av,
2006,Scarborough,Restaurants,seatown,2372 eglinton e,
2006,Scarborough,Restaurants,sedaghat restaurant,3342 danforth av,ethnic
2006,Scarborough,Restaurants,shahi karahi,3630 lawrence e,
2006,Scarborough,Restaurants,shamrock burgers & fish & chips,6109 kingston,
2006,Scarborough,Restaurants,shandiz grill,1748 lawrence e,
2006,Scarborough,Restaurants,shanghai house restaurant,633 silver star blvd,
2006,Scarborough,Restaurants,shawarma empire,1823 lawerence e,
2006,Scarborough,Restaurants,sheesh mahal restaurant,1911 Ellesmere Rd,south asian
2006,Scarborough,Restaurants,Shoeless Joe's,55 administration rd,
2006,Scarborough,Restaurants,shopsy's deli restaurant & catering,33 yonge,
2006,Scarborough,Restaurants,shot house pub,1880 Kennedy Rd,
2006,Scarborough,Restaurants,shuang fu restaurant,325 bamburgh cir,
2006,Scarborough,Restaurants,silver fountain,8 glen watford dr,
2006,Scarborough,Restaurants,Silver Spoon Restaurant,1548 Warden Ave,pakistani
2006,Scarborough,Restaurants,sinopino chinese restaurant,4820 sheppard e,
2006,Scarborough,Restaurants,sister's great buffet,4 old kingston,
2006,Scarborough,Restaurants,skyland de shanghai ,680 silver star,
2006,Scarborough,Restaurants,skyway jack's restaurant,820 denison,
2006,Scarborough,Restaurants,smiley jerk chicken hut,268 morningview trl,
2006,Scarborough,Restaurants,snack paradise,31 passmore,
2006,Scarborough,Restaurants,soho two restaurant tavern,2393 eglinton e,
2006,Scarborough,Restaurants,sooriyan restaurant take-out & catering,3863 lawrence e,
2006,Scarborough,Restaurants,south asia malysian cuisine,3380 midland,
2006,Scarborough,Restaurants,south china noodels delight inc,3380 midland,
2006,Scarborough,Restaurants,spacco restaurant & billiard bar,2415 yonge,
2006,Scarborough,Restaurants,spice cafe,74 hymus,
2006,Scarborough,Restaurants,spinello,53 colborne,
2006,Scarborough,Restaurants,sports bar J & R,1197 birchmount,
2006,Scarborough,Restaurants,sports cafeo champions,2839 eglinton av e,
2006,Scarborough,Restaurants,stag and go,1940 eglinton av e,
2006,Scarborough,Restaurants,star walk,648 silver star,
2006,Scarborough,Restaurants,steak escape,300 borough dr,
2006,Scarborough,Restaurants,steak queen,1795 victoria park av,
2006,Scarborough,Restaurants,Sticks Restaurant Inc,2816  markham rd,
2006,Scarborough,Restaurants,sub mr,55 eglinton sq,
2006,Scarborough,Restaurants,sltan's tent the,49 front st east,
2006,Scarborough,Restaurants,sun nga seafood restaurant,3325 victoria park,
2006,Scarborough,Restaurants,sunny sportsbar & grill,4190 kingston rd,
2006,Scarborough,Restaurants,Sunrise Restaurant,140 midwest,
2006,Scarborough,Restaurants,Sunrise Restaurant Corp,4351 kingston rd,
2006,Scarborough,Restaurants,Super Sushi House,1891 Kennedy Rd,
2006,Scarborough,Restaurants,Sushi Central Japanese Restaurant,4188 Finch Ave E,
2006,Scarborough,Restaurants,Sushi-Q,3580 McNicoll Av,
2006,Scarborough,Restaurants,Sylvan's Restaurant,2625 Eglinton Av E,
2006,Scarborough,Restaurants,T-Bones Sizzling Steaks & Burgers Drive-In Restaurant,2540 Eglinton Av E,
2006,Scarborough,Restaurants,t&d caribbean corner,1458 kingston rd,
2006,Scarborough,Restaurants,taap's bar & grill,2240 midland,
2006,Scarborough,Restaurants,tabaq,50 danforth,
2006,Scarborough,Restaurants,taj mahal sweet & restaurant,1221 markham,indian
2006,Scarborough,Restaurants,tandoori hut,2245 kennedy,south asian
2006,Scarborough,Restaurants,tandoori pearl restaurant,20 nugget,south asian
2006,Scarborough,Restaurants,Tapp's Restaurant,5630 Finch Av E,
2006,Scarborough,Restaurants,Tara Inn,2365 Kingston Rd,
2006,Scarborough,Restaurants,Tara Inn,2609 eglinton e,
2006,Scarborough,Restaurants,Taya's Family Restaurant ,2260 Birchmount Rd,
2006,Scarborough,Restaurants,tea foods inc,2296 eglinton av e,
2006,Scarborough,Restaurants,ted's restaurant,404 old kingston,
2006,Scarborough,Restaurants,ten-ichi japanese restaurant,4810 sheppard av e,
2006,Scarborough,Restaurants,terrace bistro,55 town centre crt,
2006,Scarborough,Restaurants,terry's restaurant & bar,1920 ellesmere,
2006,Scarborough,Restaurants,thai cashew cafe,2761 kingston,
2006,Scarborough,Restaurants,thai kitchen,2347 Kennedy Rd,
2006,Scarborough,Restaurants,the beerded chip,3676 st clair e,
2006,Scarborough,Restaurants,the buddhist vegetarian kitchen,3290 midland,
2006,Scarborough,Restaurants,the burger palace,bridlewood Mall,
2006,Scarborough,Restaurants,The Friendly Greek,4410 Kingston rd,
2006,Scarborough,Restaurants,the new suburban & family restaurant,639 mcCowan rd,
2006,Scarborough,Restaurants,the p jays take out,2677 kennedy,
2006,Scarborough,Restaurants,the real jerk,709 queen e,
2006,Scarborough,Restaurants,the roti place,3300 lawrence e,
2006,Scarborough,Restaurants,The Royal Chinese Restaurant,4128 sheppard av e,
2006,Scarborough,Restaurants,three monkeys,1585 warden,
2006,Scarborough,Restaurants,three more fast food,3833 midland,
2006,Scarborough,Restaurants,thurka sweet & takeout,1822 lawrence e,
2006,Scarborough,Restaurants,tiffin restaurant,80 ellesmere,south asian
2006,Scarborough,Restaurants,timehri international restaurant,330 mcNicoll,
2006,Scarborough,Restaurants,Timehri Restaurant Inc,4531 sheppard av e,
2006,Scarborough,Restaurants,tincos restaurant,535 danforth rd,
2006,Scarborough,Restaurants,tommys Cooks bar and grill,1911 eglinton av e,
2006,Scarborough,Restaurants,tommy's restaurant & bar,575 markham rd,
2006,Scarborough,Restaurants,topiary's steak & seafood,3215 derry rd e,
2006,Scarborough,Restaurants,tropical deli,3 glen watford dr,
2006,Scarborough,Restaurants,tropical nights,3114 danforth av,
2006,Scarborough,Restaurants,truffles-four seasons hotel toronto,21 avenue rd,
2006,Scarborough,Restaurants,truly korean,633 silverstar bl,
2006,Scarborough,Restaurants,tucker's marketplace restaurants,880 warden ave,
2006,Scarborough,Restaurants,Tugseys Fish And Grille,277 Port Union Rd,
2006,Scarborough,Restaurants,tung tak bbq house,3833 midland ,
2006,Scarborough,Restaurants,twice as nice,4190 kingston rd,
2006,Scarborough,Restaurants,twins restaurant,240 alton towers,
2006,Scarborough,Restaurants,Umi Sushi Restaurant,4733 Steeles Ave E,
2006,Scarborough,Restaurants,valdrina's ,14 lebovic,
2006,Scarborough,Restaurants,vanellis Pizza stc,300 borough dr,
2006,Scarborough,Restaurants,vegetarian pearl,4080 sheppard e,
2006,Scarborough,Restaurants,vg food land ltd,3160 eglinton av e,
2006,Scarborough,Restaurants,Vic Hong Restaurant,4419 Sheppard Av E,
2006,Scarborough,Restaurants,Vietnam Noodle Star Ltd,4188 Finch Av E,
2006,Scarborough,Restaurants,vietnam noodles cuisin,3 glen watford dr,
2006,Scarborough,Restaurants,villa madina,300 borough dr,
2006,Scarborough,Restaurants,village barbeque,1960 lawrence av e,
2006,Scarborough,Restaurants,Vincent's Spot,2496 Kingston Rd,
2006,Scarborough,Restaurants,vinushun restaurant & takeout,2398 eglinotn av e,Sri Lankan
2006,Scarborough,Restaurants,wah garden chinese restaurant,3330 pharmacy av,
2006,Scarborough,Restaurants,wan shun yuan restaurant,633 silver star blvd,
2006,Scarborough,Restaurants,wanlee xin chinese restaurant,5651 stelles av e,
2006,Scarborough,Restaurants,wasabi,668 silverstar,
2006,Scarborough,Restaurants,wei yu restaurant,3290 midland,
2006,Scarborough,Restaurants,west indian grill restaurant,210 markham rd,
2006,Scarborough,Restaurants,wexford restaurant,2072 lawrence av e,
2006,Scarborough,Restaurants,where else pub & lunch,3351 ellesmere rd,
2006,Scarborough,Restaurants,which restaurant,4911 steeles e,
2006,Scarborough,Restaurants,Wimpys Diner,65 rylander bl,
2006,Scarborough,Restaurants,Wimpys Diner,3555 st clair e,
2006,Scarborough,Restaurants,Wimpys Diner,116 ellesmere,
2006,Scarborough,Restaurants,Wimpys Diner,1496 kingston,
2006,Scarborough,Restaurants,winchester arms,beaches,
2006,Scarborough,Restaurants,winners bar & grill,2181 lawrence av e,
2006,Scarborough,Restaurants,Wobbley Pops Bar And Grill,4637 Kingston Rd,
2006,Scarborough,Restaurants,wok inspirations restaurant,3833 midland ,
2006,Scarborough,Restaurants,wok with yu,789 warden avenue,
2006,Scarborough,Restaurants,xe lua restaurant,1571 sandhurst cir,
2006,Scarborough,Restaurants,xin jiang bbq restaurant,3330 pharmacy av,
2006,Scarborough,Restaurants,yau kee noodle house,5651 stelles av e,
2006,Scarborough,Restaurants,yau lung kee restaurant,4386 sheppard e,
2006,Scarborough,Restaurants,yianni's on sheppard,4365 sheppard e,
2006,Scarborough,Restaurants,yogi's noodle,2301 brimley rd,
2006,Scarborough,Restaurants,yuanyuan chinese restaurant,25 glen watford dr,
2006,Scarborough,Restaurants,yunnan cross bridge rice noodle,19 milliken blvd,
2006,Scarborough,Restaurants,yutaka japanese restaurant,2579 victoria park,
2006,Scarborough,Restaurants,Zena's Diner,2703 Eglinton Av E,
2006,Scarborough,Restaurants,zero sun momiji japanese restaurant,3555 kingston rd,
