Year,City,YP_Section,Name,Address,Cuisine
2001,Markham,grocers-retail,apna grocers,7200 markham rd,ethnic
2001,Markham,grocers-retail,asian caribbean food inc,2002 middlefield rd,ethnic
2001,Markham,grocers-retail,bahay kubo food mart,2002 middlefield rd,
2001,Markham,grocers-retail,bailantrae fruit & vegetable market,2 stouffville,
2001,Markham,grocers-retail,big land farm markham ltd,20 duffield dr,
2001,Markham,grocers-retail,binko fine foods,3255 hwy 7,
2001,Markham,grocers-retail,daya,8236 yonge,indian
2001,Markham,grocers-retail,ding dong,4300 steeles e,
2001,Markham,grocers-retail,doramon world inc,8360 kennedy,
2001,Markham,grocers-retail,foodfair supermarket,4394 steeles e,
2001,Markham,grocers-retail,four five six trading ltd,7220 kennedy rd,
2001,Markham,grocers-retail,garden basket food martkets,9275 hwy 48,
2001,Markham,grocers-retail,heisei mart,3160 steeles e,
2001,Markham,grocers-retail,hong fat seafood market,7750 kennedy,
2001,Markham,grocers-retail,i g a unionville,4721 hwy 7 e,
2001,Markham,grocers-retail,jenga super market,5 hillcroft dr,
2001,Markham,grocers-retail,longo's,3085 hwy 7,
2001,Markham,grocers-retail,longo's,7355 bayview ave,
2001,Markham,grocers-retail,markham fine foods,23 wootten way n,
2001,Markham,grocers-retail,markham i g a store,5694 hwy 7,
2001,Markham,grocers-retail,priya grocery,2 fenton rd,ethnic
2001,Markham,grocers-retail,priya's,1661 denison,ethnic
2001,Markham,grocers-retail,sadroo's grocery supplies,487 mcnicoll,ethnic
2001,Markham,grocers-retail,shadlock supermarket,8 shadlock st,
2001,Markham,grocers-retail,sheng noong supermarket,7220 kennedy rd,
2001,Markham,grocers-retail,spicetown halal meat & vegetable market,280 elson,ethnic
2001,Markham,grocers-retail,stouffvilee iga,5887 main,
2001,Markham,grocers-retail,weton produce inc,9625 yonge,
2001,Markham,grocers-retail,yihua fruit market,3636 steeles e,
2001,Markham,grocers-whole,bapu khoya,50 don park,south asian
2001,Markham,grocers-whole,empire foods limited,205 torbay rd,
2001,Markham,grocers-whole,famous wholesale,19 randall av,
2001,Markham,grocers-whole,kua hua trading co,105 riviera dr,
2001,Markham,grocers-whole,lanzarotta wholesale grovers limited,10 ronrose,
2001,Markham,grocers-whole,m & d trading company,100 steelcase e,
2001,Markham,grocers-whole,wenho company ltd,205 konrad cr,
2001,Markham,grocers-whole,winford trading co ltd,3400 fourteenth,
2001,Markham,grocers-whole,yi hua fruit market,105 riviera dr,
2001,Markham,restaurants,a & w food services of canada ltd,5000 hwy 7,
2001,Markham,restaurants,a & w food services of canada ltd,35 wootten way n,
2001,Markham,restaurants,absolute-ly greek,4035 gordon baker,
2001,Markham,restaurants,akasaka japanese rest,280 west beaver creek,
2001,Markham,restaurants,al dente ristorante italiano,39 main st,
2001,Markham,restaurants,al khaima dining theatre,767 dovercourt,ethnic
2001,Markham,restaurants,alden coffee shoop,431 aiden rd,
2001,Markham,restaurants,alleycatz,2409 yonge,
2001,Markham,restaurants,amaretto rest,67 edward,
2001,Markham,restaurants,amarone ristorante,4850 yonge,
2001,Markham,restaurants,apollo lounge,8261 woodbine,
2001,Markham,restaurants,apple jacks rest,5328 hwy 7,
2001,Markham,restaurants,arden fast food inc,3255 hwy 7,
2001,Markham,restaurants,ark rest & bar,3636 steeles e,
2001,Markham,restaurants,astoria shish kebob house,390 danforth af,ethnic
2001,Markham,restaurants,axia cafe ltd,4300 steeles e,
2001,Markham,restaurants,b & b roti & jerk,5 hillcrotd dr,
2001,Markham,restaurants,bakery gardden,5000 hwy 7,
2001,Markham,restaurants,ball kee rest,8360 kennedy,
2001,Markham,restaurants,barberian's steak house,7 elm,
2001,Markham,restaurants,barclay's steak & seafood,1921 lawrence av e,
2001,Markham,restaurants,benihana the japanese steakhouse,100 front w,
2001,Markham,restaurants,best chinese rest the,3235 hwy 7,
2001,Markham,restaurants,big sizzler rest,3115 14th av,
2001,Markham,restaurants,bigliardi's steak seafood & pasta rest,463 church,
2001,Markham,restaurants,blacksmith's bistro,166 main,
2001,Markham,restaurants,bluestone bistro,4261 hwy 7,
2001,Markham,restaurants,bombay palace,795 markham rd,indian
2001,Markham,restaurants,braised bull steakhouse & bar,7750 markham,
2001,Markham,restaurants,britannia pub & grill,7359 yonge,
2001,Markham,restaurants,brodie's rest & dining lounge,4550 hwy 7,
2001,Markham,restaurants,bubble tease inc,400 esna park dr,
2001,Markham,restaurants,buffet city,3160 steeles e,
2001,Markham,restaurants,buffet orientalis rest inc,8601 warden av,
2001,Markham,restaurants,burger king,7240 kennedy,
2001,Markham,restaurants,burger king,3155 hwy 7,
2001,Markham,restaurants,cafe apple tree,3636 steeles e,
2001,Markham,restaurants,cafe de macao,3229 hwy 7,
2001,Markham,restaurants,cafe jardin,90 nolan crt,
2001,Markham,restaurants,california sandwiches,3703 chesswood dr,
2001,Markham,restaurants,canton seafood rest,8380 kennedy,
2001,Markham,restaurants,carman's club steak & seafood,26 alexander,
2001,Markham,restaurants,carmelina's kitchen inc,7501 woodbine av,
2001,Markham,restaurants,celestial court,4394 steeles e,
2001,Markham,restaurants,century palace,398 ferrier,
2001,Markham,restaurants,chak's eastern inc,4350 steeles e,
2001,Markham,restaurants,chuahan's catering,7370 woodbine,
2001,Markham,restaurants,chef chan,227 main,
2001,Markham,restaurants,china buffet king,9737 yonge,
2001,Markham,restaurants,china chalet rest limited,65 unionville gate,
2001,Markham,restaurants,chinese dumplings house,8360 kennedy,
2001,Markham,restaurants,cho lon vietnamese rest ltd,3255 hwy 7,
2001,Markham,restaurants,chong's noodles,8360 kennedy rd,
2001,Markham,restaurants,chung king farden rest,4394 steeles e,
2001,Markham,restaurants,city hollywood cafe,4372 steeles e,
2001,Markham,restaurants,cn tower 360 revolving rest,301 front w,
2001,Markham,restaurants,cocoberry cafe,675 cochrane dr,
2001,Markham,restaurants,coffee lodge,1 bridge,
2001,Markham,restaurants,colonel mustard's ,6545 hwy 7,
2001,Markham,restaurants,congee wong inc,8390 kennedy,
2001,Markham,restaurants,congee wong inc,3235 hwy 7,
2001,Markham,restaurants,corner house rest,6403 main,
2001,Markham,restaurants,country stop burgers,15101 hwy 48,
2001,Markham,restaurants,cravins rest,7270 woodbine av ,
2001,Markham,restaurants,crown eatery & cafe,18 crown steel dr,
2001,Markham,restaurants,curry & roti rest the,1732 lawrence av e,
2001,Markham,restaurants,daniel's of nobelton,12926 hwy 27,
2001,Markham,restaurants,danny's fish & chips,4721 hwy 7,
2001,Markham,restaurants,da vincenzo rest & banquet rooms,2800 14th,
2001,Markham,restaurants,day & night firewood steakhouse,2 fenton rd,
2001,Markham,restaurants,deli express cafe,4261 hwy 7,
2001,Markham,restaurants,delicious kitchen,398 ferrier,
2001,Markham,restaurants,devonsleigh place,4125 steeles e,
2001,Markham,restaurants,ding tai fung shanghai dim sum,3235 hwy 7,
2001,Markham,restaurants,dong bei wang rest,4300 steeles e,
2001,Markham,restaurants,dot com japanese rest & sushi bar,8621 woodbine,
2001,Markham,restaurants,dragon boat chinese rest,1661 dension,
2001,Markham,restaurants,druxy's famous deli sandwiches,buttonville airport,
2001,Markham,restaurants,duchess of markham the,53 main st,
2001,Markham,restaurants,duncan house fine dining,125 moatfield dr,
2001,Markham,restaurants,east of witchurch the,6204 main,
2001,Markham,restaurants,east moon rest,2150 steeles av w,
2001,Markham,restaurants,eastern rest,1 stone mason dr,
2001,Markham,restaurants,eat with fun roast rest inc,8392 kennedy,
2001,Markham,restaurants,eddy's dining lounge,8199 yonge,
2001,Markham,restaurants,ellas rest banquet & catering,702 pape,
2001,Markham,restaurants,emcee rest & karaoke pub,8375 woodbine,
2001,Markham,restaurants,emerald isle the,6298 main,
2001,Markham,restaurants,excellent bbq house,3636 steeles e,
2001,Markham,restaurants,famous sams rest,12275 woodbine av,
2001,Markham,restaurants,famous seafood rest,7220 kennedy,
2001,Markham,restaurants,fang's rest,3225 hwy 7,
2001,Markham,restaurants,fan's court chinese rest inc,7131 kennedy,
2001,Markham,restaurants,father's,8515 mccowan n,
2001,Markham,restaurants,fickle pickle dining lounge,6302 main st,
2001,Markham,restaurants,fire & ice,25 cochrane dr,
2001,Markham,restaurants,firefly seafood &  steak house,3228 hwy  7,
2001,Markham,restaurants,fish house the,2035 sheppard e,
2001,Markham,restaurants,folco's ristorante,42 main n,
2001,Markham,restaurants,14th avenue cafe,590 alden rd,
2001,Markham,restaurants,frankie tomatto's,7225 woodbine,
2001,Markham,restaurants,french cuisine,4390 steeles e,
2001,Markham,restaurants,friendly's,7750 birchmount,
2001,Markham,restaurants,front porch the,187 queen,
2001,Markham,restaurants,fu shing rest,4300 steeles e,
2001,Markham,restaurants,fullerton's place,6211 main st,
2001,Markham,restaurants,g g's pub cafe,5892 main,
2001,Markham,restaurants,george's tastee bakery & deli,600 denison,
2001,Markham,restaurants,golden court abalone rest,4300 steeles e,
2001,Markham,restaurants,golden fountain rest,6291 main st,
2001,Markham,restaurants,golden griddle family rest,7100 woodbine,
2001,Markham,restaurants,golden regency rest,4300 steeles av e,
2001,Markham,restaurants,golden shanghai,7750 kennedy,
2001,Markham,restaurants,good taste garden,4300 steeles,
2001,Markham,restaurants,goody cafe,200 town centre bl,
2001,Markham,restaurants,goody's rest & dining lounge,5000 hwy 7,
2001,Markham,restaurants,graceful vegetarian rest ltd,4396 steeles av e,
2001,Markham,restaurants,grand lake chinese cuisine & banquet,8362 kennedy,
2001,Markham,restaurants,grand yatt hcinese rest,9019 bayview av,
2001,Markham,restaurants,great canadian bagel the,9275 hwy 48,
2001,Markham,restaurants,great canadian bagel the,300 steeles av e,
2001,Markham,restaurants,great wall seafood rest,4568 hwy 7,
2001,Markham,restaurants,green garden rest,1 raymerville dr,
2001,Markham,restaurants,grill express,7634 woodbine,
2001,Markham,restaurants,grotto noodle house the,398 ferrier ,
2001,Markham,restaurants,hama japanese rest,4372 steeles e,
2001,Markham,restaurants,hanson rest,3721 aurora rd,
2001,Markham,restaurants,harvey's rest,5284 hwy 7,
2001,Markham,restaurants,harvey's serving swiss chalet chicken & ribs,15 sandale,
2001,Markham,restaurants,harvey's serving swiss chalet chicken & ribs,3155 hwy 7 e,
2001,Markham,restaurants,harvey's serving swiss chalet chicken & ribs,50 kirkham,
2001,Markham,restaurants,helena rest & tavern,1549 steeles e,
2001,Markham,restaurants,ho cheng bbq house,8360 kennedy,
2001,Markham,restaurants,honey garlic buffet inc,80 acadia,
2001,Markham,restaurants,hua lian tai ping xiang,3636 steeles e,
2001,Markham,restaurants,hunters nest inn the,125 dickson hill,
2001,Markham,restaurants,il cibo express cafe,820 denison,
2001,Markham,restaurants,il giardino ristorante,15 wertheim crt,
2001,Markham,restaurants,il postino ristorante inc,186 main,
2001,Markham,restaurants,ilpunji sushi house,8369 kennedy,
2001,Markham,restaurants,imperial garden chinese rest,8362 kennedy ,
2001,Markham,restaurants,india sweets & rest,280 elson,indian
2001,Markham,restaurants,jade's finest chinese food,18 ringwood dr,
2001,Markham,restaurants,jake's on main,202 main,
2001,Markham,restaurants,jamie express,4350 steeles e,
2001,Markham,restaurants,japanese express,4300 steeles e,
2001,Markham,restaurants,java shop cafe,3760 fourteenth av,
2001,Markham,restaurants,jug heads diner,6242 main,
2001,Markham,restaurants,jungle cafe,3229 hwy 7,
2001,Markham,restaurants,kagoshima japanese rest,8362 kennedy,
2001,Markham,restaurants,kam hing bbq,1661 denison,
2001,Markham,restaurants,kamal's bombay chowpatty rest,7200 markham rd,indian
2001,Markham,restaurants,katz's deli and corned beef emporium,3300 dufferin,
2001,Markham,restaurants,keg rest ltd,60 estate dr,
2001,Markham,restaurants,kelsey's rest,3100 steeles e,
2001,Markham,restaurants,kelsey's rest,3131 kwy 7,
2001,Markham,restaurants,kfc,5000 hwy 7,
2001,Markham,restaurants,kfc,5863 hwy 7,
2001,Markham,restaurants,kfc,5863 hwy 7,
2001,Markham,restaurants,kfc,5000 hwy 7,
2001,Markham,restaurants,kfc,5812 main w,
2001,Markham,restaurants,kfc,2002 middlefield,
2001,Markham,restaurants,la castile steak house & tavern,2179 dundas e,
2001,Markham,restaurants,la grotta on main,205 main,
2001,Markham,restaurants,la reserve,8432 leslie,
2001,Markham,restaurants,la rosa rest & banquet hall,25 lanark rd,
2001,Markham,restaurants,larry & frankie rest,555 cochrane dr,
2001,Markham,restaurants,lee's wok chinese rest,7665 kennedy rd,
2001,Markham,restaurants,lick's ice cream & burger shop,5308 hwy 7,
2001,Markham,restaurants,liu's 11,3235 hwy 7,
2001,Markham,restaurants,livingwater rest,139 main st,
2001,Markham,restaurants,lobster trap rest,1962 avenue rd,
2001,Markham,restaurants,magic wok cantonese cuisine ltd,4331 fourteenth,
2001,Markham,restaurants,main st grill,66 main st n,
2001,Markham,restaurants,main street sports bar & grill,6601 main st,
2001,Markham,restaurants,major milliken pub house,7710 kennedy rd,
2001,Markham,restaurants,man woo seafood rest,8425 woodbine,
2001,Markham,restaurants,machu wok,markville chopping centre,
2001,Markham,restaurants,mandarin rest,7660 woodbine,
2001,Markham,restaurants,maples of ballantrae lodge,hwy 48,
2001,Markham,restaurants,markham peking house,3225 hwy 7,
2001,Markham,restaurants,markham sushi,17 wootten way mn,
2001,Markham,restaurants,match bay & grill,177 whitmore,
2001,Markham,restaurants,maydoh rest,1661 denison,
2001,Markham,restaurants,mcdonald's rest,5000 hwy 7,
2001,Markham,restaurants,mcdonald's rest,28 sandiford dr,
2001,Markham,restaurants,mcdonald's rest,9291 hwy 48,
2001,Markham,restaurants,mcdonald's rest,3760 hwy 7,
2001,Markham,restaurants,mega wraps,4450 hwy 7,
2001,Markham,restaurants,metro rest,3636 steeles e,
2001,Markham,restaurants,mhq karaoke bar,4300 steeles av e,
2001,Markham,restaurants,michaelangelo fine italian cuisine,1910 gerrard e,
2001,Markham,restaurants,midnite oil cafe & bar,3636 steeles e,
2001,Markham,restaurants,milliken rest,7725 birchmount rd,
2001,Markham,restaurants,mino japanese rest,8500 warden,
2001,Markham,restaurants,mino japanese rest,8500 warden,
2001,Markham,restaurants,misora japanese cuisine inc,3235 hwy 7,
2001,Markham,restaurants,miyabi japanese ret,280 west beaver creek,
2001,Markham,restaurants,moghal rest & banquet hall,415 hood,
2001,Markham,restaurants,mongolian grill,7131 kennedy rd,
2001,Markham,restaurants,moti mahal rest ltd,7850 woodbine av,south asian
2001,Markham,restaurants,mr hungarian rest,144 main n,
2001,Markham,restaurants,mr sub,4471 hwy 7,
2001,Markham,restaurants,mrs wideman's incredible bakeshop cafe,300 hwy 47,
2001,Markham,restaurants,nagoya japanese rest,7750 kennedy,
2001,Markham,restaurants,negril baked goods & take out foods,5 hillcroft dr,
2001,Markham,restaurants,new city rest,8392 kennedy,
2001,Markham,restaurants,new fountain fast food,3636 steeles e,
2001,Markham,restaurants,next level sports bar & lounge,346 main n,
2001,Markham,restaurants,noodles express,3636 steeles av e,
2001,Markham,restaurants,octagon rest the,7529 yonge,
2001,Markham,restaurants,old country inn ,198 main st,
2001,Markham,restaurants,old scott house the,520 progress,
2001,Markham,restaurants,oro rest,45 elm,
2001,Markham,restaurants,owl & firkin the,7181 woodbine,
2001,Markham,restaurants,parkway cafeteria,100 allstate pkwy,
2001,Markham,restaurants,pastaggio ristorante,180 bullock dr,
2001,Markham,restaurants,peachtree chinese rest,8392 kenneyd,
2001,Markham,restaurants,peaktop rest,3235 hwy 7,
2001,Markham,restaurants,people's rood house ltd,3229 hwy 7,
2001,Markham,restaurants,perfect congee king,8392 kennedy,
2001,Markham,restaurants,peter's fine dining,5701 hwy 7,
2001,Markham,restaurants,pho hoa rest,3636 steeles e,
2001,Markham,restaurants,pheonix noodle house,4350 steeles e,
2001,Markham,restaurants,pizzan bar & grill ltd,5 washingotn,
2001,Markham,restaurants,pickle barrel rest,5941 leslie,
2001,Markham,restaurants,pizza hut,5071 hwy 7,
2001,Markham,restaurants,popeyes chicken & biscuits,4997 hwy 7,
2001,Markham,restaurants,prime burger inc the,8384 woodbine,
2001,Markham,restaurants,rainbow wok rest,4855 fourteenth av,
2001,Markham,restaurants,red host bistro & bar,144 main st n,
2001,Markham,restaurants,red lobster,7291 yonge,
2001,Markham,restaurants,red lobster,1125 markham r,
2001,Markham,restaurants,red lobster,3252 sheppard ave e,
2001,Markham,restaurants,red rose garden tavern,5460 hwy 7,
2001,Markham,restaurants,referee & fisherman the,5401 main,
2001,Markham,restaurants,remezzo italian bistro,3335 sheppard av e,
2001,Markham,restaurants,rich congee chinese rest,7077 kennedy,
2001,Markham,restaurants,ringwood rest,5241 stouffville rd,
2001,Markham,restaurants,ristorante il giardino,15 wertheim crt,
2001,Markham,restaurants,royal bar-b-q,8362 kennedy,
2001,Markham,restaurants,royal bar-b-q,151 bentley,
2001,Markham,restaurants,saeido japanese rest,5762 hwy 7,
2001,Markham,restaurants,sandwich station inc,2 fincham av,
2001,Markham,restaurants,sandy's bar & grill,7354 woodbine,
2001,Markham,restaurants,santorini grill,288 john,
2001,Markham,restaurants,santo's intalian cuisine,10 royal orchard,
2001,Markham,restaurants,sapporo ichiban sushi,4300 steeles e,
2001,Markham,restaurants,satay ria rest,4350 steeles e,
2001,Markham,restaurants,scaramouche rest pasta bar & grill,1 benvenuto pl,
2001,Markham,restaurants,school fine dining the,4121 fourteenth,
2001,Markham,restaurants,scott house,520 progress,
2001,Markham,restaurants,sdy international trading company inc,5000 hwy 7,
2001,Markham,restaurants,segovia rest,5 st nicholas,
2001,Markham,restaurants,select sandwich,505 hood,
2001,Markham,restaurants,select sandwich,60 columbia way,
2001,Markham,restaurants,sentsuru sushi bar,3235 hwy 7,
2001,Markham,restaurants,sgt pepper's pub & grill,5694 hwy 7,
2001,Markham,restaurants,shanghai cuisine,3255 hwy 7,
2001,Markham,restaurants,shanghai cuisine,3255 hwy 7,
2001,Markham,restaurants,shanghai river spring rest,4300 steeles e,
2001,Markham,restaurants,shark city bar & grill,117 eglinton e,
2001,Markham,restaurants,shing fat congee noodle ,3636 steeles e,
2001,Markham,restaurants,shoeless joe's,9441 hwy 48,
2001,Markham,restaurants,shoeless joe's,7270 woodbine,
2001,Markham,restaurants,shoeless joe's,20 milner buisiness court,
2001,Markham,restaurants,small rooms steak & lobster house,1181 finch w,
2001,Markham,restaurants,soca palace rest & bar,7380 mccowan,
2001,Markham,restaurants,sortino's cafe & trattoria ,76 main n,
2001,Markham,restaurants,spacco rest & billiard bar,2415 yonge,
2001,Markham,restaurants,spartans rest & sports bar,4724 jane,
2001,Markham,restaurants,spezzo ristorante,140 york blvd,
2001,Markham,restaurants,station pizza parlour & spaghetti house,227 main st,
2001,Markham,restaurants,subway,9275 hwy 48,
2001,Markham,restaurants,subway,6605 hwy 7 e,
2001,Markham,restaurants,summerfields cafe & brasserie,stc,
2001,Markham,restaurants,sun shine eatery,4390 steeles e,
2001,Markham,restaurants,sunlight snack & juice,8360 kennedy,
2001,Markham,restaurants,sunrise grill rst,11087 woodbine av,
2001,Markham,restaurants,sushi house,420 hwy 7,
2001,Markham,restaurants,sushi hut,3636 steeles e,
2001,Markham,restaurants,suzy q's billiard club & bistro,11160 yonge,
2001,Markham,restaurants,sweet culture inc,8392 kennedy,
2001,Markham,restaurants,sweet heart cafe,4580 hwy 7,
2001,Markham,restaurants,sweet temptations,8360 kennedy,
2001,Markham,restaurants,swiss chalet chicken & ribs,5284 hwy 7,
2001,Markham,restaurants,swiss chalet chicken & ribs,7240 woodbine,
2001,Markham,restaurants,swiss chalet chicken & ribs,1661 denison,
2001,Markham,restaurants,szechuan hot pot city,8362 kennedy,
2001,Markham,restaurants,szechuan huai yang cuisine,3636 steeles e,
2001,Markham,restaurants,taiwan eating corner,8362 kennedy,
2001,Markham,restaurants,tampa taps sports grill,6061 hwy 7,
2001,Markham,restaurants,taste of japan rest,7501 woodbine,
2001,Markham,restaurants,taste of korera,4300 steeles e,
2001,Markham,restaurants,tasty house,4350 steeles e,
2001,Markham,restaurants,tasty house,3255 hwy 7,
2001,Markham,restaurants,terra rest,8199 yonge,
2001,Markham,restaurants,the bown kee rest,8360 kennedy,
2001,Markham,restaurants,the friendly greek,5308 hwy 7,
2001,Markham,restaurants,the lion of stouffville,5917 main st,
2001,Markham,restaurants,the wall,8901 woodbine,
2001,Markham,restaurants,thistle inn rest,48 main n,
2001,Markham,restaurants,369 shanghai dim sum,8380 kennedy,
2001,Markham,restaurants,tim hortons,6040 hwy 7,
2001,Markham,restaurants,tim hortons,6565 hwy 7,
2001,Markham,restaurants,tim hortons,5990 16th av,
2001,Markham,restaurants,tim hortons,8310 mccowan rd,
2001,Markham,restaurants,tim hortons,2851 john,
2001,Markham,restaurants,tim hortons,9251 woodbine,
2001,Markham,restaurants,timothy's steakhouse,17035 yonge,
2001,Markham,restaurants,timothy's world coffee,182 main,
2001,Markham,restaurants,tin woo rest,5051 hwy 7,
2001,Markham,restaurants,tokyo sushi,8366 woodbine,
2001,Markham,restaurants,tom jones steakhouse & seafood,17 leader ln,
2001,Markham,restaurants,tony roma's a place for ribs,10 carlson,
2001,Markham,restaurants,top of cuisine inc,8360 kennedy,
2001,Markham,restaurants,topiary's steak & seafood,3215 derry rd e,
2001,Markham,restaurants,towne rest,6146 main,
2001,Markham,restaurants,remendous kitchen,8390 kennedy,
2001,Markham,restaurants,two roses italian rest,7780 woodbine,
2001,Markham,restaurants,uncle joe's family rest,124 main n,
2001,Markham,restaurants,unionville arms pub & grill,189 main st,
2001,Markham,restaurants,unionville house rest,187 main st,
2001,Markham,restaurants,vicoletto cafe,441 hwy 7,
2001,Markham,restaurants,viet hoi noodles houses,4300 steeles e,
2001,Markham,restaurants,vietnam veetim house,3229 hwy 7,
2001,Markham,restaurants,village burger,4430 hwy 7,
2001,Markham,restaurants,vinnie zucchini's italian eatery,1500 steeles w,
2001,Markham,restaurants,vinnie zucchini's italian eatery,8150 dixie rd,
2001,Markham,restaurants,vip vietnamese rest,3229 hwy 7,
2001,Markham,restaurants,waiting room cafe the,377 church,
2001,Markham,restaurants,wendy's rest,7690 woodbine,
2001,Markham,restaurants,wey shiang tsuen,3636 steeles av e,
2001,Markham,restaurants,windjammer sea food,markham shopping centre,
2001,Markham,restaurants,wok of fortune,8360 kennedy,
2001,Markham,restaurants,wong jessie,4390 steeles av e,
2001,Markham,restaurants,wonton time,4392 steeles e,
2001,Markham,restaurants,yang's kitchen,4261 hwy 7,
2001,Markham,restaurants,yan's wok,3235 hwy 7,
2001,Markham,restaurants,yat ka chun shanghai food,3255 hwy 7,
2001,Markham,restaurants,you and i rest,8920 woodbine,
2001,Markham,restaurants,your super burger,1661 denison,
2001,Markham,restaurants,yummy refills,4350 steeles e,
2001,Markham,restaurants,zhong's bbq & noodle house ltd,3255 hwy 7,
2001,Markham,restaurants,zoie's rest ,9582 hwy 48,
