,addr,year,name
173,"767 Dovercourt Rd, Toronto, Ontario, M6H 2X1",1996,al khaima dining theatre
4040,"767 Dovercourt Rd, Toronto, Ontario, M6H 2X1",2001,al khaima dining theatre
774,"2183 Lawrence Ave E, Scarborough, Ontario, M1P 2P5",2001,al mubrak halal meat
1118,"2183 Lawrence Ave E, Scarborough, Ontario, M1P 2P5",2006,al mubrak halal meat
804,"14 Tower Dr, Scarborough, Ontario, M1R 3N9",2001,al-mumtaz butt foods
1120,"14 Tower Dr, Scarborough, Ontario, M1R 3N9",2006,al-mumtaz butt foods
0,"357 Pitfield Rd, Scarborough, Ontario, M1S 3E5",1996,al-mustafa halal meat & grocery ltd
1119,"357 Pitfield Rd, Scarborough, Ontario, M1S 3E5",2006,al-mustafa halal meat & grocery ltd
1,"1879 Lawrence Ave E, Scarborough, Ontario, M1R 2Y3",1996,al-quresh foods
779,"1879 Lawrence Ave E, Scarborough, Ontario, M1R 2Y3",2001,al-quresh foods
1121,"1879 Lawrence Ave E, Scarborough, Ontario, M1R 2Y3",2006,al-quresh foods
1294,"3090 Kingston Rd, Scarborough, Ontario, M1M 1P2",2006,anjappar chettinad restaurant
2225,"3090 Kingston Rd, Scarborough, Ontario, M1M 1P2",2016,anjappar chettinad restaurant
3994,"7200 Markham Rd, Markham, Ontario, L3S 3R7",2001,apna grocers
4371,"7200 Markham Rd, Markham, Ontario, L3S 3R7",2006,apna grocers
176,"2778 Kennedy Rd, Scarborough, Ontario, M1T 3J2",1996,apsharas restaurant
864,"2778 Kennedy Rd, Scarborough, Ontario, M1T 3J2",2001,apsharas restaurant
3725,"2002 Middlefield Rd, Markham, Ontario, L3S 1Y6",1996,asian caribbean food inc
3993,"2002 Middlefield Rd, Markham, Ontario, L3S 1Y6",2001,asian caribbean food inc
4372,"2002 Middlefield Rd, Markham, Ontario, L3S 1Y6",2006,asian caribbean food inc
781,"3601 Lawrence Ave E, Scarborough, Ontario, M1G 1P5",2001,bombay bazaar
1132,"3601 Lawrence Ave E, Scarborough, Ontario, M1G 1P5",2006,bombay bazaar
1928,"3601 Lawrence Ave E, Scarborough, Ontario, M1G 1P5",2016,bombay bazaar
209,"795 Markham Rd, Scarborough, Ontario, M1H 2Y1",1996,bombay palace
872,"795 Markham Rd, Scarborough, Ontario, M1H 2Y1",2001,bombay palace
1330,"795 Markham Rd, Scarborough, Ontario, M1H 2Y1",2006,bombay palace
11,"1170 Morningside Ave, Scarborough, Ontario, M1B 3A4",1996,caribbean & oriental specialty mart
783,"1170 Morningside Ave, Scarborough, Ontario, M1B 3A4",2001,caribbean & oriental specialty mart
27,"2680 Lawrence Ave E, Scarborough, Ontario, M1P 4Y4",1996,deena halal meat & grocery
1140,"2680 Lawrence Ave E, Scarborough, Ontario, M1P 4Y4",2006,deena halal meat & grocery
32,"2607 Eglinton Ave E, Scarborough, Ontario, M1K 2S2",1996,eraa supermarket
1146,"2607 Eglinton Ave E, Scarborough, Ontario, M1K 2S2",2006,eraa supermarket
1953,"2607 Eglinton Ave E, Scarborough, Ontario, M1K 2S2",2016,eraa supermarket
928,"2020 Lawrence Ave E, Scarborough, Ontario, M1R 2Z1",2001,farhat restaurant
1456,"2020 Lawrence Ave E, Scarborough, Ontario, M1R 2Z1",2006,farhat restaurant
43,"3743 Lawrence Ave E, Scarborough, Ontario, M1G 1P7",1996,ganesha spicy mart
782,"3743 Lawrence Ave E, Scarborough, Ontario, M1G 1P7",2001,ganesha spicy mart
1149,"3743 Lawrence Ave E, Scarborough, Ontario, M1G 1P7",2006,ganesha spicy mart
802,"234 Markham Rd, Scarborough, Ontario, M1J 3C2",2001,halal meat & super market
1262,"234 Markham Rd, Scarborough, Ontario, M1J 3C2",2006,halal meat & super market
947,"3160 Eglinton Ave E, Scarborough, Ontario, M1J 2H4",2001,halal pizza & chicken
1512,"3160 Eglinton Ave E, Scarborough, Ontario, M1J 2H4",2006,halal pizza & chicken
1515,"561 Markham Rd, Scarborough, Ontario, M1H 2A3",2006,halal pizza time & restaurant
2651,"561 Markham Rd, Scarborough, Ontario, M1H 2A3",2016,halal pizza time & restaurant
1541,"14 Prince Arthur Ave, Toronto, Ontario, M5R 1A9",2006,host fine indian cuisine
2681,"14 Prince Arthur Ave, Toronto, Ontario, M5R 1A9",2016,host fine indian cuisine
54,"641 Markham Rd, Scarborough, Ontario, M1H 2A4",1996,india town food & spices
784,"641 Markham Rd, Scarborough, Ontario, M1H 2A4",2001,india town food & spices
1159,"641 Markham Rd, Scarborough, Ontario, M1H 2A4",2006,india town food & spices
1983,"641 Markham Rd, Scarborough, Ontario, M1H 2A4",2016,india town food & spices
396,"595 Scarborough Rd, Toronto, Ontario, M4E",1996,indian flavour
1113,"595 Scarborough Rd, Toronto, Ontario, M4E",2001,indian flavour
56,"1983 Lawrence Ave E, Scarborough, Ontario, M1R 2Z2",1996,indian groceries & spices
786,"1983 Lawrence Ave E, Scarborough, Ontario, M1R 2Z2",2001,indian groceries & spices
1161,"1983 Lawrence Ave E, Scarborough, Ontario, M1R 2Z2",2006,indian groceries & spices
1163,"1221 Markham Rd, Scarborough, Ontario, M1H 3E2",2006,jaffna superstore inc
1984,"1221 Markham Rd, Scarborough, Ontario, M1H 3E2",2016,jaffna superstore inc
4181,"7200 Markham Rd, Markham, Ontario, L3S 3R7",2001,kamal's bombay chowpatty restaurant
4573,"7200 Markham Rd, Markham, Ontario, L3S 3R7",2006,kamal's bombay chowpatty restaurant
58,"1073 Midland Ave, Scarborough, Ontario, M1K 4G7",1996,kashmir food
1166,"1073 Midland Ave, Scarborough, Ontario, M1K 4G7",2006,kashmir food
1988,"1073 Midland Ave, Scarborough, Ontario, M1K 4G7",2016,kashmir food
478,"1249 Ellesmere Rd, Scarborough, Ontario, M1P 2X8",1996,madras palace
1110,"1249 Ellesmere Rd, Scarborough, Ontario, M1P 2X8",2001,madras palace
1634,"1249 Ellesmere Rd, Scarborough, Ontario, M1P 2X8",2006,madras palace
4228,"7850 Woodbine Ave, Markham, Ontario, L3R 0B9",2001,moti mahal restaurant ltd
4625,"7850 Woodbine Ave, Markham, Ontario, L3R 0B9",2006,moti mahal restaurant ltd
1112,"611 Kingston Rd, Pickering, Ontario, L1V 3N7",2001,mount everest the
3008,"611 Kingston Rd, Pickering, Ontario, L1V 3N7",2016,mount everest the
1001,"1867 Lawrence Ave E, Scarborough, Ontario, M1R 2Y3",2001,nasib's
1677,"1867 Lawrence Ave E, Scarborough, Ontario, M1R 2Y3",2006,nasib's
3037,"1867 Lawrence Ave E, Scarborough, Ontario, M1R 2Y3",2016,nasib's
530,"1877 Lawrence Ave E, Scarborough, Ontario, M1R 2Y3",1996,new devi food
767,"1877 Lawrence Ave E, Scarborough, Ontario, M1R 2Y3",1996,new devi food
1185,"3160 Eglinton Ave E, Scarborough, Ontario, M1J 2H4",2006,new kalyani supermarket
2019,"3160 Eglinton Ave E, Scarborough, Ontario, M1J 2H4",2016,new kalyani supermarket
828,"3852 Finch Ave E, Scarborough, Ontario, M1T 3T9",2001,ohmsiva trading
1189,"3852 Finch Ave E, Scarborough, Ontario, M1T 3T9",2006,ohmsiva trading
3741,"5 Hillcroft Dr, Markham, Ontario, L3S 1R7",1996,oriental food mart
2027,"5 Hillcroft Dr, Markham, Ontario, L3S 1R7",2016,oriental food mart
1190,"462 Birchmount Rd, Scarborough, Ontario, M1K 1N8",2006,oriental giant food mart inc
2029,"462 Birchmount Rd, Scarborough, Ontario, M1K 1N8",2016,oriental giant food mart inc
1716,"1885 Lawrence Ave E, Scarborough, Ontario, M1R 2Y3",2006,patna kabab house
3125,"1885 Lawrence Ave E, Scarborough, Ontario, M1R 2Y3",2016,patna kabab house
92,"2190 Warden Ave, Scarborough, Ontario, M1T 1V6",1996,poombhuhar traders inc
790,"2190 Warden Ave, Scarborough, Ontario, M1T 1V6",2001,poombhuhar traders inc
1194,"4559 Sheppard Ave E, Scarborough, Ontario, M1S 1V3",2006,prasad caribbean & oriental specialty foods
2036,"4559 Sheppard Ave E, Scarborough, Ontario, M1S 1V3",2016,prasad caribbean & oriental specialty foods
4012,"2 Fenton Rd, Markham, Ontario, L3R 7B3",2001,priya grocery
4397,"2 Fenton Rd, Markham, Ontario, L3R 7B3",2006,priya grocery
4796,"2 Fenton Rd, Markham, Ontario, L3R 7B3",2016,priya grocery
793,"2304 Eglinton Ave E, Scarborough, Ontario, M1K 2M2",2001,priya supermarket
1199,"2304 Eglinton Ave E, Scarborough, Ontario, M1K 2M2",2006,priya supermarket
4014,"1661 Denison St, Markham, Ontario, L3R 6E5",2001,priya's
4398,"1661 Denison St, Markham, Ontario, L3R 6E5",2006,priya's
4798,"1661 Denison St, Markham, Ontario, L3R 6E5",2016,priya's
4658,"4400 Hwy 7, Unionville, Ontario, L3R 1M2",2006,rasoee the indian kitchen
5022,"4400 Hwy 7, Unionville, Ontario, L3R 1M2",2016,rasoee the indian kitchen
794,"1158 Warden Ave, Scarborough, Ontario, M1R 2R1",2001,royal kerala foods
1201,"1158 Warden Ave, Scarborough, Ontario, M1R 2R1",2006,royal kerala foods
2048,"1158 Warden Ave, Scarborough, Ontario, M1R 2R1",2016,royal kerala foods
97,"31 Tapscott Rd, Scarborough, Ontario, M1B 4Y7",1996,rubini east & west indian food market
830,"31 Tapscott Rd, Scarborough, Ontario, M1B 4Y7",2001,rubini east & west indian food market
1205,"31 Tapscott Rd, Scarborough, Ontario, M1B 4Y7",2006,rubini east & west indian food market
2047,"31 Tapscott Rd, Scarborough, Ontario, M1B 4Y7",2016,rubini east & west indian food market
618,"3342 Danforth Ave, Scarborough, Ontario, M1L 1C8",1996,sadaghat restaurant
1039,"3342 Danforth Ave, Scarborough, Ontario, M1L 1C8",2001,sadaghat restaurant
1104,"3342 Danforth Ave, Scarborough, Ontario, M1L 1C8",2001,sadaghat restaurant
4015,"487 Mcnicoll Ave, North York, Ontario, M2H 2C9",2001,sadroo's grocery supplies
4400,"487 Mcnicoll Ave, North York, Ontario, M2H 2C9",2006,sadroo's grocery supplies
2050,"487 Mcnicoll Ave, North York, Ontario, M2H 2C9",2016,sadroo's grocery supplies
1105,"1993 Lawrence Ave E, Scarborough, Ontario, M1R 2Z2",2001,saghar restaurant inc
1763,"1993 Lawrence Ave E, Scarborough, Ontario, M1R 2Z2",2006,saghar restaurant inc
104,"1023 Markham Rd, Scarborough, Ontario, M1H 2Y5",1996,saravana's market
796,"1023 Markham Rd, Scarborough, Ontario, M1H 2Y5",2001,saravana's market
1207,"1023 Markham Rd, Scarborough, Ontario, M1H 2Y5",2006,saravana's market
1766,"1571 Sandhurst Cir, Scarborough, Ontario, M1V 1V2",2006,saravanaa bhavan
3295,"1571 Sandhurst Cir, Scarborough, Ontario, M1V 1V2",2016,saravanaa bhavan
833,"4800 Sheppard Ave E, Scarborough, Ontario, M1S 4N5",2001,scarborough zabeeha meat & grocery supplies
1208,"4800 Sheppard Ave E, Scarborough, Ontario, M1S 4N5",2006,scarborough zabeeha meat & grocery supplies
1772,"3342 Danforth Ave, Scarborough, Ontario, M1L 1C8",2006,sedaghat restaurant
3309,"3342 Danforth Ave, Scarborough, Ontario, M1L 1C8",2016,sedaghat restaurant
1784,"1548 Warden Ave, Scarborough, Ontario, M1R 2S8",2006,silver spoon restaurant
3345,"1548 Warden Ave, Scarborough, Ontario, M1R 2S8",2016,silver spoon restaurant
799,"840 Danforth Rd, Scarborough, Ontario, M1K 1H5",2001,siraj halal meat & grocery
1218,"840 Danforth Rd, Scarborough, Ontario, M1K 1H5",2006,siraj halal meat & grocery
119,"3258 Lawrence Ave E, Scarborough, Ontario, M1H 1A4",1996,spice town and halal meat store
798,"3258 Lawrence Ave E, Scarborough, Ontario, M1H 1A4",2001,spice town and halal meat store
3748,"280 Elson St, Markham, Ontario, L3S 3L1",1996,spicetown halal meat & vegetable market
4018,"280 Elson St, Markham, Ontario, L3S 3L1",2001,spicetown halal meat & vegetable market
4404,"280 Elson St, Markham, Ontario, L3S 3L1",2006,spicetown halal meat & vegetable market
800,"1505 Birchmount Rd, Scarborough, Ontario, M1P 2G7",2001,super bazar
1228,"1505 Birchmount Rd, Scarborough, Ontario, M1P 2G7",2006,super bazar
125,"400 Sewells Rd, Scarborough, Ontario, M1B 5K8",1996,taj supermarket
839,"400 Sewells Rd, Scarborough, Ontario, M1B 5K8",2001,taj supermarket
687,"2245 Kennedy Rd, Scarborough, Ontario, M1T 3G8",1996,tandoori hut
1820,"2245 Kennedy Rd, Scarborough, Ontario, M1T 3G8",2006,tandoori hut
1107,"80 Ellesmere Rd, Scarborough, Ontario, M1R 4C2",2001,tiffin restaurant
1845,"80 Ellesmere Rd, Scarborough, Ontario, M1R 4C2",2006,tiffin restaurant
845,"11 Ivy Bush Ave, Scarborough, Ontario, M1V 2W7",2001,zain's
1253,"11 Ivy Bush Ave, Scarborough, Ontario, M1V 2W7",2006,zain's
2091,"11 Ivy Bush Ave, Scarborough, Ontario, M1V 2W7",2016,zain's
